Season,Division,Championship,Phase,Day,Game,Match No,DMY,Time,Spettatori,Incasso,Casa/Ospite,Team,Club,Set Won,Set Lost,Set1_Point_Won_Part1,Set1_Point_Won_Part2,Set1_Point_Won_Part3,Set1_Point_Won,Set1_Point_Lost_Part1,Set1_Point_Lost_Part2,Set1_Point_Lost_Part3,Set1_Point_Lost,Set2_Point_Won_Part1,Set2_Point_Won_Part2,Set2_Point_Won_Part3,Set2_Point_Won,Set2_Point_Lost_Part1,Set2_Point_Lost_Part2,Set2_Point_Lost_Part3,Set2_Point_Lost,Set3_Point_Won_Part1,Set3_Point_Won_Part2,Set3_Point_Won_Part3,Set3_Point_Won,Set3_Point_Lost_Part1,Set3_Point_Lost_Part2,Set3_Point_Lost_Part3,Set3_Point_Lost,Set4_Point_Won_Part1,Set4_Point_Won_Part2,Set4_Point_Won_Part3,Set4_Point_Won,Set4_Point_Lost_Part1,Set4_Point_Lost_Part2,Set4_Point_Lost_Part3,Set4_Point_Lost,Set5_Point_Won_Part1,Set5_Point_Won_Part2,Set5_Point_Won_Part3,Set5_Point_Won,Set5_Point_Lost_Part1,Set5_Point_Lost_Part2,Set5_Point_Lost_Part3,Set5_Point_Lost,Point_Tot,Point_BP,Point_VP,Service_N,Service_Err,Service_Pt,Reception_N,Reception_Err,Reception_Pos%,Reception_Prf%,Spike_N,Spike_Err,Spike_Blocked,Spike_Pt,Spike_Pt%,Block_Invasion,Block_Pt
2007/2008,A1,Regular_Season,1st,1,1,2901,7/10/2007,18:00,1401,6586,C,Asystel Volley Novara,Novara Trecate,3,0,8,16,21,25,5,9,14,18,8,16,21,25,4,15,18,21,8,16,21,25,6,13,15,22,-,-,-,-,-,-,-,-,-,-,-,-,-,-,-,-,58,22,26,74,7,-,57,6,0.77,0.42,113,8,7,49,0.43,4,9
2007/2008,A1,Regular_Season,1st,1,1,2901,7/10/2007,18:00,1401,6586,O,Minetti Infoplus Imola,Vicenza,0,3,5,9,14,18,8,16,21,25,4,15,18,21,8,16,21,25,6,13,15,22,8,16,21,25,-,-,-,-,-,-,-,-,-,-,-,-,-,-,-,-,41,16,15,62,5,3,67,3,0.78,0.43,104,9,9,31,0.3,-,7
2007/2008,A1,Regular_Season,1st,1,2,2902,7/10/2007,18:00,878,6587,C,Scavolini Pesaro,Pesaro,3,0,8,16,20,27,4,14,21,25,8,16,21,25,4,11,20,22,8,16,21,29,4,14,19,27,-,-,-,-,-,-,-,-,-,-,-,-,-,-,-,-,64,29,25,79,13,2,72,6,0.57,0.4,114,10,10,51,0.45,-,11
2007/2008,A1,Regular_Season,1st,1,2,2902,7/10/2007,18:00,878,6587,O,Yamamay Busto Arsizio,Busto Arsizio Uyba,0,3,4,14,21,25,8,16,20,27,4,11,20,22,8,16,21,25,4,14,19,27,8,16,21,29,-,-,-,-,-,-,-,-,-,-,-,-,-,-,-,-,51,26,21,76,4,6,66,2,0.5,0.33,111,13,11,35,0.32,-,10
2007/2008,A1,Regular_Season,1st,1,3,2903,5/10/2007,21:00,1345,4035,C,Lines Ecocapitanata Altamura,Altamura,3,2,6,14,19,20,8,16,21,25,7,16,21,25,8,14,17,20,6,16,21,25,8,13,17,22,8,16,21,23,5,9,17,25,5,10,12,15,3,6,7,10,84,32,43,108,10,1,96,1,0.7,0.52,141,13,17,61,0.43,-,22
2007/2008,A1,Regular_Season,1st,1,3,2903,5/10/2007,21:00,1345,4035,O,Famila Chieri,Chieri,2,3,8,16,21,25,6,14,19,20,8,14,17,20,7,16,21,25,8,13,17,22,6,16,21,25,5,9,17,25,8,16,21,23,3,6,7,10,5,10,12,15,78,26,32,102,6,-,98,3,0.69,0.52,157,15,22,61,0.39,-,17
2007/2008,A1,Regular_Season,1st,1,4,2904,7/10/2007,18:00,831,3131,C,Monte Schiavo Banca Marche Jesi,Jesi,3,1,7,14,19,25,8,16,21,23,8,16,21,25,2,9,12,12,8,15,21,24,5,16,20,26,7,16,21,25,8,15,19,21,-,-,-,-,-,-,-,-,74,30,33,97,12,4,75,7,0.56,0.28,137,14,7,62,0.45,1,8
2007/2008,A1,Regular_Season,1st,1,4,2904,7/10/2007,18:00,831,3131,O,Unicom Starker Kerakoll Sassuolo,Sassuolo,1,3,8,16,21,23,7,14,19,25,2,9,12,12,8,16,21,25,5,16,20,26,8,15,21,24,8,15,19,21,7,16,21,25,-,-,-,-,-,-,-,-,55,19,22,83,8,6,85,5,0.68,0.36,129,11,8,42,0.33,1,7
2007/2008,A1,Regular_Season,1st,1,5,2905,7/10/2007,18:00,1293,7059,C,Foppapedretti Bergamo,Volley Bergamo,3,0,8,16,21,25,4,9,14,15,8,16,21,25,7,11,16,18,8,16,21,25,1,5,9,9,-,-,-,-,-,-,-,-,-,-,-,-,-,-,-,-,61,34,42,73,2,3,40,2,0.75,0.53,95,11,3,49,0.52,1,9
2007/2008,A1,Regular_Season,1st,1,5,2905,7/10/2007,18:00,1293,7059,O,Infotel Banca Forlì,Forlì (Ex Forlimpopoli),0,3,4,9,14,15,8,16,21,25,7,11,16,18,8,16,21,25,1,5,9,9,8,16,21,25,-,-,-,-,-,-,-,-,-,-,-,-,-,-,-,-,28,6,1,44,4,1,71,5,0.69,0.55,101,8,9,24,0.24,1,3
2007/2008,A1,Regular_Season,1st,1,6,2906,7/10/2007,18:00,2100,9107,C,Despar Perugia,Perugia,3,0,8,16,21,25,6,13,16,19,8,16,21,25,2,7,11,16,8,16,21,25,7,12,14,19,-,-,-,-,-,-,-,-,-,-,-,-,-,-,-,-,58,28,37,74,4,2,47,1,0.77,0.53,92,5,9,47,0.51,2,9
2007/2008,A1,Regular_Season,1st,1,6,2906,7/10/2007,18:00,2100,9107,O,Tena Santeramo,Santeramo,0,3,6,13,16,19,8,16,21,25,2,7,11,16,8,16,21,25,7,12,14,19,8,16,21,25,-,-,-,-,-,-,-,-,-,-,-,-,-,-,-,-,40,9,10,54,7,1,70,4,0.7,0.46,105,10,9,30,0.29,-,9
2007/2008,A1,Regular_Season,1st,2,1,0,10/10/2007,20:30,600,1886,C,Minetti Infoplus Imola,Vicenza,0,3,8,16,20,21,7,14,21,25,4,13,17,22,8,16,21,25,1,6,9,11,8,16,21,25,-,-,-,-,-,-,-,-,-,-,-,-,-,-,-,-,37,12,8,55,6,2,66,1,0.64,0.47,89,9,13,31,0.35,-,4
2007/2008,A1,Regular_Season,1st,2,1,0,10/10/2007,20:30,600,1886,O,Scavolini Pesaro,Pesaro,3,0,7,14,21,25,8,16,20,21,8,16,21,25,4,13,17,22,8,16,21,25,1,6,9,11,-,-,-,-,-,-,-,-,-,-,-,-,-,-,-,-,58,28,37,74,8,1,49,2,0.69,0.51,83,7,4,44,0.53,-,13
2007/2008,A1,Regular_Season,1st,2,2,0,10/10/2007,20:30,844,4485,C,Famila Chieri,Chieri,3,1,8,16,21,25,3,11,15,20,4,8,13,20,8,16,21,25,8,16,18,26,7,15,21,24,4,16,21,25,8,14,16,20,-,-,-,-,-,-,-,-,77,31,38,95,7,4,82,5,0.73,0.62,146,13,12,56,0.38,2,17
2007/2008,A1,Regular_Season,1st,2,2,0,10/10/2007,20:30,844,4485,O,Monte Schiavo Banca Marche Jesi,Jesi,1,3,3,11,15,20,8,16,21,25,8,16,21,25,4,8,13,20,7,15,21,24,8,16,18,26,8,14,16,20,4,16,21,25,-,-,-,-,-,-,-,-,67,22,27,90,8,4,88,5,0.67,0.51,135,10,17,51,0.38,-,12
2007/2008,A1,Regular_Season,1st,2,3,0,10/10/2007,20:30,2199,2967,C,Yamamay Busto Arsizio,Busto Arsizio Uyba,3,0,8,16,21,25,5,10,15,20,7,16,21,25,8,13,17,20,8,16,21,25,3,11,15,17,-,-,-,-,-,-,-,-,-,-,-,-,-,-,-,-,63,33,41,74,9,9,50,1,0.72,0.46,105,4,6,43,0.41,2,11
2007/2008,A1,Regular_Season,1st,2,3,0,10/10/2007,20:30,2199,2967,O,Lines Ecocapitanata Altamura,Altamura,0,3,5,10,15,20,8,16,21,25,8,13,17,20,7,16,21,25,3,11,15,17,8,16,21,25,-,-,-,-,-,-,-,-,-,-,-,-,-,-,-,-,39,12,10,58,8,1,65,9,0.49,0.34,105,3,8,32,0.3,1,6
2007/2008,A1,Regular_Season,1st,2,4,0,10/10/2007,20:40,849,2682,C,Unicom Starker Kerakoll Sassuolo,Sassuolo,1,3,7,16,20,22,8,14,21,25,8,16,19,25,7,15,21,22,8,14,16,21,7,16,21,25,8,16,18,23,6,12,21,25,-,-,-,-,-,-,-,-,64,19,26,92,8,2,84,9,0.57,0.44,139,10,8,51,0.37,3,11
2007/2008,A1,Regular_Season,1st,2,4,0,10/10/2007,20:40,849,2682,O,Asystel Volley Novara,Novara Trecate,3,1,8,14,21,25,7,16,20,22,7,15,21,22,8,16,19,25,7,16,21,25,8,14,16,21,6,12,21,25,8,16,18,23,-,-,-,-,-,-,-,-,74,23,36,95,11,8,84,3,0.63,0.48,138,11,11,58,0.42,2,8
2007/2008,A1,Regular_Season,1st,2,5,0,10/10/2007,20:30,1049,3756,C,Tena Santeramo,Santeramo,0,3,6,13,15,19,8,16,21,25,2,13,17,22,8,16,21,25,6,15,0,19,8,16,0,25,-,-,-,-,-,-,-,-,-,-,-,-,-,-,-,-,44,13,11,61,4,2,67,7,0.67,0.52,96,5,17,32,0.33,-,10
2007/2008,A1,Regular_Season,1st,2,5,0,10/10/2007,20:30,1049,3756,O,Foppapedretti Bergamo,Volley Bergamo,3,0,8,16,21,25,6,13,15,19,8,16,21,25,2,13,17,22,8,16,0,25,6,15,0,19,-,-,-,-,-,-,-,-,-,-,-,-,-,-,-,-,65,28,38,74,7,4,57,5,0.65,0.47,94,5,10,44,0.47,-,17
2007/2008,A1,Regular_Season,1st,2,6,0,10/10/2007,20:30,600,1590,C,Infotel Banca Forlì,Forlì (Ex Forlimpopoli),1,3,7,16,20,23,8,14,21,25,8,16,21,26,6,12,17,24,4,7,9,10,8,16,21,25,8,16,17,18,5,15,21,25,-,-,-,-,-,-,-,-,66,21,35,78,3,4,91,3,0.66,0.35,149,12,13,47,0.32,-,15
2007/2008,A1,Regular_Season,1st,2,6,0,10/10/2007,20:30,600,1590,O,Despar Perugia,Perugia,3,1,8,14,21,25,7,16,20,23,6,12,17,24,8,16,21,26,8,16,21,25,4,7,9,10,5,15,21,25,8,16,17,18,-,-,-,-,-,-,-,-,78,33,43,98,7,3,75,4,0.76,0.43,138,9,15,62,0.45,-,13
2007/2008,A1,Regular_Season,1st,3,1,0,14/10/2007,18:00,984,2254,C,Scavolini Pesaro,Pesaro,3,1,8,16,21,25,5,12,19,22,6,16,21,25,8,15,19,22,7,13,16,23,8,16,21,25,6,16,21,26,8,14,20,24,-,-,-,-,-,-,-,-,88,28,51,98,13,2,87,3,0.74,0.45,131,14,6,68,0.52,1,18
2007/2008,A1,Regular_Season,1st,3,1,0,14/10/2007,18:00,984,2254,O,Despar Perugia,Perugia,1,3,5,12,19,22,8,16,21,25,8,15,19,22,6,16,21,25,8,16,21,25,7,13,16,23,8,14,20,24,6,16,21,26,-,-,-,-,-,-,-,-,65,16,34,94,7,3,85,2,0.67,0.48,124,5,17,57,0.46,-,5
2007/2008,A1,Regular_Season,1st,3,2,0,14/10/2007,18:00,1931,12044,C,Foppapedretti Bergamo,Volley Bergamo,3,1,8,16,21,25,7,11,15,18,8,16,21,25,5,8,14,15,8,14,17,20,7,16,21,25,8,16,21,25,6,13,18,23,-,-,-,-,-,-,-,-,71,32,31,94,6,3,74,9,0.65,0.46,131,13,10,57,0.44,2,11
2007/2008,A1,Regular_Season,1st,3,2,0,14/10/2007,18:00,1931,12044,O,Famila Chieri,Chieri,1,3,7,11,15,18,8,16,21,25,5,8,14,15,8,16,21,25,7,16,21,25,8,14,17,20,6,13,18,23,8,16,21,25,-,-,-,-,-,-,-,-,60,23,25,82,8,7,88,3,0.66,0.36,129,11,11,43,0.33,2,10
2007/2008,A1,Regular_Season,1st,3,3,0,12/10/2007,21:00,600,1398,C,Minetti Infoplus Imola,Vicenza,0,3,5,13,0,20,8,16,0,25,3,9,15,16,8,16,21,25,7,12,16,20,8,16,21,25,-,-,-,-,-,-,-,-,-,-,-,-,-,-,-,-,43,18,9,57,11,3,70,7,0.64,0.4,99,9,7,31,0.31,-,9
2007/2008,A1,Regular_Season,1st,3,3,0,12/10/2007,21:00,600,1398,O,Yamamay Busto Arsizio,Busto Arsizio Uyba,3,0,8,16,0,25,5,13,0,20,8,16,21,25,3,9,15,16,8,16,21,25,7,12,16,20,-,-,-,-,-,-,-,-,-,-,-,-,-,-,-,-,48,25,25,74,4,4,46,4,0.74,0.67,98,6,9,37,0.38,-,7
2007/2008,A1,Regular_Season,1st,3,4,0,14/10/2007,18:00,808,2476,C,Monte Schiavo Banca Marche Jesi,Jesi,3,1,8,16,21,25,5,15,17,21,8,15,18,21,7,16,21,25,8,16,21,25,7,12,16,18,6,16,21,25,8,13,16,21,-,-,-,-,-,-,-,-,72,24,33,95,9,6,76,8,0.7,0.47,118,13,8,54,0.46,1,12
2007/2008,A1,Regular_Season,1st,3,4,0,14/10/2007,18:00,808,2476,O,Tena Santeramo,Santeramo,1,3,5,15,17,21,8,16,21,25,7,16,21,25,8,15,18,21,7,12,16,18,8,16,21,25,8,13,16,21,6,16,21,25,-,-,-,-,-,-,-,-,62,16,18,86,10,5,86,8,0.5,0.33,114,11,12,49,0.43,3,8
2007/2008,A1,Regular_Season,1st,3,5,0,14/10/2007,18:00,1130,5435,C,Asystel Volley Novara,Novara Trecate,3,0,7,16,21,25,8,11,13,16,8,16,21,25,3,10,13,14,7,16,21,25,8,13,16,18,-,-,-,-,-,-,-,-,-,-,-,-,-,-,-,-,61,27,46,73,4,5,46,1,0.8,0.48,80,6,4,45,0.56,-,11
2007/2008,A1,Regular_Season,1st,3,5,0,14/10/2007,18:00,1130,5435,O,Infotel Banca Forlì,Forlì (Ex Forlimpopoli),0,3,8,11,13,16,7,16,21,25,3,10,13,14,8,16,21,25,8,13,16,18,7,16,21,25,-,-,-,-,-,-,-,-,-,-,-,-,-,-,-,-,37,9,5,50,4,1,69,8,0.75,0.46,86,9,11,32,0.37,-,4
2007/2008,A1,Regular_Season,1st,3,6,0,14/10/2007,18:00,1211,2937,C,Lines Ecocapitanata Altamura,Altamura,0,3,8,15,17,19,7,16,21,25,5,10,11,12,8,16,21,25,4,11,19,20,8,16,21,25,-,-,-,-,-,-,-,-,-,-,-,-,-,-,-,-,36,20,4,52,2,-,69,12,0.43,0.36,75,8,10,24,0.32,-,12
2007/2008,A1,Regular_Season,1st,3,6,0,14/10/2007,18:00,1211,2937,O,Unicom Starker Kerakoll Sassuolo,Sassuolo,3,0,7,16,21,25,8,15,17,19,8,16,21,25,5,10,11,12,8,16,21,25,4,11,19,20,-,-,-,-,-,-,-,-,-,-,-,-,-,-,-,-,63,39,37,74,5,6,50,1,0.66,0.46,92,7,12,47,0.51,1,10
2007/2008,A1,Regular_Season,1st,4,1,0,17/10/2007,20:35,1256,6622,C,Foppapedretti Bergamo,Volley Bergamo,3,0,8,16,21,25,6,13,16,21,8,16,21,25,4,13,18,23,8,16,21,25,5,9,11,17,-,-,-,-,-,-,-,-,-,-,-,-,-,-,-,-,59,21,38,74,5,3,56,3,0.8,0.43,102,9,4,44,0.43,-,12
2007/2008,A1,Regular_Season,1st,4,1,0,17/10/2007,20:35,1256,6622,O,Monte Schiavo Banca Marche Jesi,Jesi,0,3,6,13,16,21,8,16,21,25,4,13,18,23,8,16,21,25,5,9,11,17,8,16,21,25,-,-,-,-,-,-,-,-,-,-,-,-,-,-,-,-,45,11,14,62,6,3,69,4,0.83,0.42,102,9,12,38,0.37,-,4
2007/2008,A1,Regular_Season,1st,4,2,0,17/10/2007,20:30,1903,7815,C,Despar Perugia,Perugia,3,0,6,16,21,25,8,13,16,18,8,16,21,25,4,10,14,16,8,16,21,25,5,7,12,13,-,-,-,-,-,-,-,-,-,-,-,-,-,-,-,-,56,26,39,73,5,6,44,1,0.89,0.64,87,5,6,47,0.54,-,3
2007/2008,A1,Regular_Season,1st,4,2,0,17/10/2007,20:30,1903,7815,O,Lines Ecocapitanata Altamura,Altamura,0,3,8,13,16,18,6,16,21,25,4,10,14,16,8,16,21,25,5,7,12,13,8,16,21,25,-,-,-,-,-,-,-,-,-,-,-,-,-,-,-,-,37,7,7,49,5,-,68,8,0.5,0.25,82,11,3,31,0.38,3,6
2007/2008,A1,Regular_Season,1st,4,3,0,17/10/2007,20:30,1029,5827,C,Famila Chieri,Chieri,2,3,6,16,21,25,8,14,17,19,5,14,20,22,8,16,21,25,2,9,14,17,8,16,21,25,8,16,21,26,7,12,19,24,2,6,8,10,5,10,12,15,67,24,19,101,11,5,89,6,0.63,0.46,141,15,14,56,0.4,2,6
2007/2008,A1,Regular_Season,1st,4,3,0,17/10/2007,20:30,1029,5827,O,Scavolini Pesaro,Pesaro,3,2,8,14,17,19,6,16,21,25,8,16,21,25,5,14,20,22,8,16,21,25,2,9,14,17,7,12,19,24,8,16,21,26,5,10,12,15,2,6,8,10,79,28,33,106,17,5,90,7,0.7,0.52,140,15,6,60,0.43,1,14
2007/2008,A1,Regular_Season,1st,4,4,0,17/10/2007,20:30,1166,3686,C,Tena Santeramo,Santeramo,3,2,7,16,21,25,8,13,16,20,8,14,17,22,8,16,21,25,7,16,21,25,8,13,20,21,3,8,9,11,8,16,21,25,5,10,12,15,1,7,7,13,74,32,34,100,7,5,92,8,0.77,0.58,141,14,11,57,0.4,-,12
2007/2008,A1,Regular_Season,1st,4,4,0,17/10/2007,20:30,1166,3686,O,Asystel Volley Novara,Novara Trecate,2,3,8,13,16,20,7,16,21,25,8,16,21,25,8,14,17,22,8,13,20,21,7,16,21,25,8,16,21,25,3,8,9,11,1,7,7,13,5,10,12,15,82,36,44,103,11,8,93,6,0.77,0.56,147,9,12,63,0.43,-,11
2007/2008,A1,Regular_Season,1st,4,5,0,17/10/2007,20:30,700,1315,C,Infotel Banca Forlì,Forlì (Ex Forlimpopoli),1,3,3,13,15,21,8,16,21,25,8,16,21,25,7,11,19,22,7,10,12,17,8,16,21,25,4,12,17,27,8,16,21,29,-,-,-,-,-,-,-,-,66,24,26,90,4,-,91,10,0.68,0.56,185,8,18,58,0.31,-,8
2007/2008,A1,Regular_Season,1st,4,5,0,17/10/2007,20:30,700,1315,O,Minetti Infoplus Imola,Vicenza,3,1,8,16,21,25,3,13,15,21,7,11,19,22,8,16,21,25,8,16,21,25,7,10,12,17,8,16,21,29,4,12,17,27,-,-,-,-,-,-,-,-,86,40,52,99,7,5,86,5,0.71,0.59,167,14,8,65,0.39,-,17
2007/2008,A1,Regular_Season,1st,4,6,0,17/10/2007,20:30,913,3539,C,Unicom Starker Kerakoll Sassuolo,Sassuolo,0,3,8,15,18,25,5,16,21,27,3,13,18,21,8,16,21,25,8,12,15,17,6,16,21,25,-,-,-,-,-,-,-,-,-,-,-,-,-,-,-,-,52,21,22,65,9,3,67,5,0.69,0.43,107,6,10,36,0.34,-,13
2007/2008,A1,Regular_Season,1st,4,6,0,17/10/2007,20:30,913,3539,O,Yamamay Busto Arsizio,Busto Arsizio Uyba,3,0,5,16,21,27,8,15,18,25,8,16,21,25,3,13,18,21,6,16,21,25,8,12,15,17,-,-,-,-,-,-,-,-,-,-,-,-,-,-,-,-,61,30,33,75,8,5,56,3,0.71,0.45,102,4,13,46,0.45,-,10
2007/2008,A1,Regular_Season,1st,5,1,0,25/11/2007,18:30,1114,4344,C,Monte Schiavo Banca Marche Jesi,Jesi,0,3,5,9,13,18,8,16,21,25,6,11,14,17,8,16,21,25,8,15,20,22,5,16,21,25,-,-,-,-,-,-,-,-,-,-,-,-,-,-,-,-,39,13,22,58,5,3,64,2,0.73,0.47,91,6,4,33,0.36,-,3
2007/2008,A1,Regular_Season,1st,5,1,0,25/11/2007,18:30,1114,4344,O,Despar Perugia,Perugia,3,0,8,16,21,25,5,9,13,18,8,16,21,25,6,11,14,17,5,16,21,25,8,15,20,22,-,-,-,-,-,-,-,-,-,-,-,-,-,-,-,-,64,29,41,74,10,1,53,3,0.62,0.43,97,6,3,59,0.61,1,4
2007/2008,A1,Regular_Season,1st,5,2,0,28/11/2007,20:30,1023,3008,C,Scavolini Pesaro,Pesaro,2,3,7,16,21,25,8,11,13,19,8,16,21,25,7,15,20,23,8,13,13,19,7,16,21,25,8,12,14,21,6,16,21,25,5,10,10,14,3,9,12,16,83,35,35,104,12,4,99,8,0.68,0.44,154,15,13,66,0.43,-,13
2007/2008,A1,Regular_Season,1st,5,2,0,28/11/2007,20:30,1023,3008,O,Foppapedretti Bergamo,Volley Bergamo,3,2,8,11,13,19,7,16,21,25,7,15,20,23,8,16,21,25,7,16,21,25,8,13,13,19,6,16,21,25,8,12,14,21,3,9,12,16,5,10,10,14,81,36,43,108,9,8,92,4,0.71,0.41,160,12,13,60,0.38,-,13
2007/2008,A1,Regular_Season,1st,5,3,0,25/11/2007,17:30,1704,9794,C,Asystel Volley Novara,Novara Trecate,3,0,8,16,21,25,7,14,19,23,8,16,21,25,3,10,13,21,8,16,21,25,5,10,13,18,-,-,-,-,-,-,-,-,-,-,-,-,-,-,-,-,57,19,34,73,11,2,59,1,0.81,0.42,102,5,5,42,0.41,1,13
2007/2008,A1,Regular_Season,1st,5,3,0,25/11/2007,17:30,1704,9794,O,Famila Chieri,Chieri,0,3,7,14,19,23,8,16,21,25,3,10,13,21,8,16,21,25,5,10,13,18,8,16,21,25,-,-,-,-,-,-,-,-,-,-,-,-,-,-,-,-,44,9,10,64,5,1,62,3,0.74,0.45,105,8,13,38,0.36,5,5
2007/2008,A1,Regular_Season,1st,5,4,0,25/11/2007,17:30,1759,1026,C,Lines Ecocapitanata Altamura,Altamura,3,1,5,14,19,22,8,16,21,25,7,16,21,25,8,15,19,23,8,16,21,25,3,10,18,20,6,16,21,25,8,12,18,20,-,-,-,-,-,-,-,-,73,30,39,95,9,4,82,3,0.71,0.56,137,11,9,57,0.42,2,12
2007/2008,A1,Regular_Season,1st,5,4,0,25/11/2007,17:30,1759,1026,O,Infotel Banca Forlì,Forlì (Ex Forlimpopoli),1,3,8,16,21,25,5,14,19,22,8,15,19,23,7,16,21,25,3,10,18,20,8,16,21,25,8,12,18,20,6,16,21,25,-,-,-,-,-,-,-,-,62,21,24,90,8,2,85,7,0.76,0.55,138,8,12,51,0.37,3,9
2007/2008,A1,Regular_Season,1st,5,5,0,25/11/2007,17:30,893,2610,C,Minetti Infoplus Imola,Vicenza,3,1,5,12,20,23,8,16,21,25,7,16,21,25,8,15,19,20,8,16,21,25,5,12,14,21,8,16,21,25,7,13,18,20,-,-,-,-,-,-,-,-,72,32,36,97,11,4,82,4,0.65,0.48,142,11,9,58,0.41,1,10
2007/2008,A1,Regular_Season,1st,5,5,0,25/11/2007,17:30,893,2610,O,Unicom Starker Kerakoll Sassuolo,Sassuolo,1,3,8,16,21,25,5,12,20,23,8,15,19,20,7,16,21,25,5,12,14,21,8,16,21,25,7,13,18,20,8,16,21,25,-,-,-,-,-,-,-,-,65,22,28,88,6,5,86,6,0.59,0.43,126,14,7,51,0.4,4,9
2007/2008,A1,Regular_Season,1st,5,6,0,25/11/2007,17:30,3563,6372,C,Yamamay Busto Arsizio,Busto Arsizio Uyba,3,0,5,15,21,25,8,16,19,22,6,16,21,25,8,13,16,19,8,16,21,25,4,13,15,20,-,-,-,-,-,-,-,-,-,-,-,-,-,-,-,-,51,20,23,72,7,2,51,4,0.65,0.35,103,8,9,44,0.43,-,5
2007/2008,A1,Regular_Season,1st,5,6,0,25/11/2007,17:30,3563,6372,O,Tena Santeramo,Santeramo,0,3,8,16,19,22,5,15,21,25,8,13,16,19,6,16,21,25,4,13,15,20,8,16,21,25,-,-,-,-,-,-,-,-,-,-,-,-,-,-,-,-,46,15,16,63,12,4,65,2,0.65,0.29,106,11,5,33,0.31,-,9
2007/2008,A1,Regular_Season,1st,6,1,0,2/12/2007,17:30,734,1839,C,Monte Schiavo Banca Marche Jesi,Jesi,3,2,8,16,21,25,4,12,18,22,8,16,21,25,3,12,19,20,8,16,18,27,6,15,21,29,8,15,21,22,5,16,20,25,4,10,12,16,5,5,10,14,86,33,36,114,10,11,97,3,0.78,0.62,169,17,18,64,0.38,2,11
2007/2008,A1,Regular_Season,1st,6,1,0,2/12/2007,17:30,734,1839,O,Minetti Infoplus Imola,Vicenza,2,3,4,12,18,22,8,16,21,25,3,12,19,20,8,16,21,25,6,15,21,29,8,16,18,27,5,16,20,25,8,15,21,22,5,5,10,14,4,10,12,16,81,29,30,110,13,2,104,12,0.66,0.45,153,13,11,61,0.4,2,18
2007/2008,A1,Regular_Season,1st,6,2,0,2/12/2007,17:30,2573,9949,C,Despar Perugia,Perugia,3,1,4,13,16,22,8,16,21,25,7,16,21,25,8,11,16,21,8,16,21,25,5,11,18,23,5,16,21,25,8,13,15,17,-,-,-,-,-,-,-,-,70,22,45,96,2,1,78,4,0.81,0.46,126,7,10,60,0.48,2,9
2007/2008,A1,Regular_Season,1st,6,2,0,2/12/2007,17:30,2573,9949,O,Asystel Volley Novara,Novara Trecate,1,3,8,16,21,25,4,13,16,22,8,11,16,21,7,16,21,25,5,11,18,23,8,16,21,25,8,13,15,17,5,16,21,25,-,-,-,-,-,-,-,-,75,19,39,87,9,1,94,2,0.9,0.63,149,15,9,64,0.43,1,10
2007/2008,A1,Regular_Season,1st,6,3,0,2/12/2007,17:30,1517,8480,C,Foppapedretti Bergamo,Volley Bergamo,3,0,8,16,21,25,6,9,10,12,6,16,21,26,8,13,20,24,8,16,21,25,5,14,19,23,-,-,-,-,-,-,-,-,-,-,-,-,-,-,-,-,64,24,44,75,5,3,59,-,0.83,0.61,105,8,5,51,0.49,2,10
2007/2008,A1,Regular_Season,1st,6,3,0,2/12/2007,17:30,1517,8480,O,Lines Ecocapitanata Altamura,Altamura,0,3,6,9,10,12,8,16,21,25,8,13,20,24,6,16,21,26,5,14,19,23,8,16,21,25,-,-,-,-,-,-,-,-,-,-,-,-,-,-,-,-,41,10,15,60,1,-,70,5,0.73,0.49,114,9,10,36,0.32,1,5
2007/2008,A1,Regular_Season,1st,6,4,0,4/12/2007,20:30,879,3544,C,Unicom Starker Kerakoll Sassuolo,Sassuolo,0,3,8,15,21,22,7,16,20,25,8,16,21,26,6,14,19,28,5,13,16,20,8,16,21,25,-,-,-,-,-,-,-,-,-,-,-,-,-,-,-,-,49,14,19,70,4,2,65,3,0.78,0.54,113,12,11,40,0.35,-,7
2007/2008,A1,Regular_Season,1st,6,4,0,4/12/2007,20:30,879,3544,O,Scavolini Pesaro,Pesaro,3,0,7,16,20,25,8,15,21,22,6,14,19,28,8,16,21,26,8,16,21,25,5,13,16,20,-,-,-,-,-,-,-,-,-,-,-,-,-,-,-,-,60,19,33,76,11,2,66,2,0.7,0.44,113,7,7,47,0.42,-,11
2007/2008,A1,Regular_Season,1st,6,5,0,2/12/2007,18:15,1115,5229,C,Famila Chieri,Chieri,2,3,8,13,21,25,7,16,17,22,7,14,19,20,8,16,21,25,8,16,21,25,6,11,13,16,6,14,20,20,8,16,21,25,2,4,5,7,5,10,12,15,76,21,44,98,10,5,95,2,0.79,0.6,151,8,12,64,0.42,-,7
2007/2008,A1,Regular_Season,1st,6,5,0,2/12/2007,18:15,1115,5229,O,Yamamay Busto Arsizio,Busto Arsizio Uyba,3,2,7,16,17,22,8,13,21,25,8,16,21,25,7,14,19,20,6,11,13,16,8,16,21,25,8,16,21,25,6,14,20,20,5,10,12,15,2,4,5,7,85,32,52,102,7,1,88,5,0.7,0.64,143,14,7,72,0.5,-,12
2007/2008,A1,Regular_Season,1st,6,6,0,2/12/2007,17:30,1421,4339,C,Tena Santeramo,Santeramo,3,0,8,16,21,25,5,10,14,16,8,16,21,25,4,13,17,21,3,16,21,25,8,11,14,17,-,-,-,-,-,-,-,-,-,-,-,-,-,-,-,-,56,27,35,73,7,3,50,1,0.82,0.68,105,5,8,45,0.43,-,8
2007/2008,A1,Regular_Season,1st,6,6,0,2/12/2007,17:30,1421,4339,O,Infotel Banca Forlì,Forlì (Ex Forlimpopoli),0,3,5,10,14,16,8,16,21,25,4,13,17,21,8,16,21,25,8,11,14,17,3,16,21,25,-,-,-,-,-,-,-,-,-,-,-,-,-,-,-,-,39,12,12,55,5,1,66,3,0.79,0.61,95,9,8,29,0.31,2,9
2007/2008,A1,Regular_Season,1st,7,1,0,9/12/2007,17:30,1251,6238,C,Asystel Volley Novara,Novara Trecate,3,0,8,16,21,25,4,9,13,17,7,16,21,25,8,14,19,23,7,16,21,25,8,12,16,21,-,-,-,-,-,-,-,-,-,-,-,-,-,-,-,-,60,22,40,73,4,-,54,2,0.76,0.46,95,6,5,46,0.48,3,14
2007/2008,A1,Regular_Season,1st,7,1,0,9/12/2007,17:30,1251,6238,O,Monte Schiavo Banca Marche Jesi,Jesi,0,3,4,9,13,17,8,16,21,25,8,14,19,23,7,16,21,25,8,12,16,21,7,16,21,25,-,-,-,-,-,-,-,-,-,-,-,-,-,-,-,-,48,12,18,63,9,1,69,2,0.78,0.57,115,4,14,42,0.37,1,5
2007/2008,A1,Regular_Season,1st,7,2,0,9/12/2007,17:30,1253,726,C,Lines Ecocapitanata Altamura,Altamura,0,3,0,6,14,14,8,16,21,25,5,13,15,19,8,16,21,25,5,12,13,17,8,16,21,25,-,-,-,-,-,-,-,-,-,-,-,-,-,-,-,-,40,12,2,52,5,2,71,6,0.73,0.52,98,8,16,34,0.35,3,4
2007/2008,A1,Regular_Season,1st,7,2,0,9/12/2007,17:30,1253,726,O,Scavolini Pesaro,Pesaro,3,0,8,16,21,25,0,6,14,14,8,16,21,25,5,13,15,19,8,16,21,25,5,12,13,17,-,-,-,-,-,-,-,-,-,-,-,-,-,-,-,-,59,36,41,73,2,5,47,4,0.74,0.55,81,8,4,38,0.47,-,16
2007/2008,A1,Regular_Season,1st,7,3,0,9/12/2007,17:30,1163,5860,C,Minetti Infoplus Imola,Vicenza,1,3,8,16,21,26,5,15,19,24,8,16,17,20,7,13,21,25,8,15,17,22,3,16,21,25,8,13,16,19,7,16,21,25,-,-,-,-,-,-,-,-,69,20,28,88,10,5,93,4,0.67,0.55,140,13,12,55,0.39,2,9
2007/2008,A1,Regular_Season,1st,7,3,0,9/12/2007,17:30,1163,5860,O,Foppapedretti Bergamo,Volley Bergamo,3,1,5,15,19,24,8,16,21,26,7,13,21,25,8,16,17,20,3,16,21,25,8,15,17,22,7,16,21,25,8,13,16,19,-,-,-,-,-,-,-,-,70,28,38,98,5,4,78,6,0.64,0.45,135,12,9,51,0.38,-,15
2007/2008,A1,Regular_Season,1st,7,4,0,9/12/2007,17:30,3993,7219,C,Yamamay Busto Arsizio,Busto Arsizio Uyba,1,3,6,14,18,23,8,16,21,25,8,16,21,25,4,8,13,18,7,11,13,15,8,16,21,25,5,15,17,19,8,16,21,25,-,-,-,-,-,-,-,-,64,17,32,83,10,2,88,3,0.72,0.36,137,13,6,53,0.39,-,9
2007/2008,A1,Regular_Season,1st,7,4,0,9/12/2007,17:30,3993,7219,O,Despar Perugia,Perugia,3,1,8,16,21,25,6,14,18,23,4,8,13,18,8,16,21,25,8,16,21,25,7,11,13,15,8,16,21,25,5,15,17,19,-,-,-,-,-,-,-,-,69,27,41,92,4,3,73,2,0.68,0.38,133,13,9,60,0.45,-,6
2007/2008,A1,Regular_Season,1st,7,5,0,7/12/2007,21:00,553,635,C,Infotel Banca Forlì,Forlì (Ex Forlimpopoli),3,0,7,16,21,25,8,14,19,22,6,15,21,30,8,16,20,28,8,16,19,26,6,12,21,24,-,-,-,-,-,-,-,-,-,-,-,-,-,-,-,-,52,15,28,79,5,-,69,3,0.72,0.42,114,6,10,40,0.35,-,12
2007/2008,A1,Regular_Season,1st,7,5,0,7/12/2007,21:00,553,635,O,Famila Chieri,Chieri,0,3,8,14,19,22,7,16,21,25,8,16,20,28,6,15,21,30,6,12,21,24,8,16,19,26,-,-,-,-,-,-,-,-,-,-,-,-,-,-,-,-,62,18,22,76,7,3,74,1,0.7,0.46,124,16,12,49,0.4,4,10
2007/2008,A1,Regular_Season,1st,7,6,0,9/12/2007,17:30,752,2721,C,Unicom Starker Kerakoll Sassuolo,Sassuolo,3,0,8,16,21,25,5,11,16,19,8,16,21,25,2,8,15,19,5,16,21,25,8,14,19,20,-,-,-,-,-,-,-,-,-,-,-,-,-,-,-,-,61,28,38,73,3,5,53,4,0.75,0.51,93,8,8,44,0.47,-,12
2007/2008,A1,Regular_Season,1st,7,6,0,9/12/2007,17:30,752,2721,O,Tena Santeramo,Santeramo,0,3,5,11,16,19,8,16,21,25,2,8,15,19,8,16,21,25,8,14,19,20,5,16,21,25,-,-,-,-,-,-,-,-,-,-,-,-,-,-,-,-,46,15,12,60,7,2,70,6,0.73,0.54,112,9,12,36,0.32,-,8
2007/2008,A1,Regular_Season,1st,8,1,0,16/12/2007,17:30,983,4770,C,Asystel Volley Novara,Novara Trecate,3,1,6,11,16,20,8,16,21,25,8,16,21,25,3,7,7,10,8,16,21,25,2,11,15,18,8,16,21,25,6,14,17,18,-,-,-,-,-,-,-,-,76,33,46,94,6,6,67,5,0.76,0.57,125,10,7,56,0.45,2,14
2007/2008,A1,Regular_Season,1st,8,1,0,16/12/2007,17:30,983,4770,O,Lines Ecocapitanata Altamura,Altamura,1,3,8,16,21,25,6,11,16,20,3,7,7,10,8,16,21,25,2,11,15,18,8,16,21,25,6,14,17,18,8,16,21,25,-,-,-,-,-,-,-,-,52,17,14,72,5,3,88,6,0.76,0.48,138,11,14,42,0.3,2,7
2007/2008,A1,Regular_Season,1st,8,2,0,16/12/2007,17:30,769,735,C,Scavolini Pesaro,Pesaro,3,0,8,16,21,25,5,11,14,22,7,16,21,25,8,12,15,22,8,16,21,25,2,2,9,11,-,-,-,-,-,-,-,-,-,-,-,-,-,-,-,-,58,25,33,73,7,3,54,5,0.67,0.39,95,4,9,47,0.49,-,8
2007/2008,A1,Regular_Season,1st,8,2,0,16/12/2007,17:30,769,735,O,Infotel Banca Forlì,Forlì (Ex Forlimpopoli),0,3,5,11,14,22,8,16,21,25,8,12,15,22,7,16,21,25,2,2,9,11,8,16,21,25,-,-,-,-,-,-,-,-,-,-,-,-,-,-,-,-,44,14,16,57,3,5,66,3,0.65,0.38,97,14,8,30,0.31,-,9
2007/2008,A1,Regular_Season,1st,8,3,0,15/12/2007,20:30,1743,7143,C,Despar Perugia,Perugia,3,2,6,11,16,19,8,16,21,25,4,12,16,19,8,16,21,25,8,16,21,25,4,9,12,15,7,16,21,25,8,14,17,19,5,10,12,15,0,4,8,10,79,31,42,103,3,7,85,2,0.88,0.54,150,8,18,63,0.42,6,9
2007/2008,A1,Regular_Season,1st,8,3,0,15/12/2007,20:30,1743,7143,O,Famila Chieri,Chieri,2,3,8,16,21,25,6,11,16,19,8,16,21,25,4,12,16,19,4,9,12,15,8,16,21,25,8,14,17,19,7,16,21,25,0,4,8,10,5,10,12,15,76,24,41,94,9,2,100,7,0.81,0.5,144,9,9,56,0.39,1,18
2007/2008,A1,Regular_Season,1st,8,4,0,16/12/2007,17:30,743,1863,C,Monte Schiavo Banca Marche Jesi,Jesi,3,1,8,16,21,25,4,12,16,18,7,16,21,25,8,14,16,22,7,16,21,23,8,14,18,25,7,16,21,25,8,13,17,21,-,-,-,-,-,-,-,-,75,31,45,97,9,3,81,3,0.73,0.49,137,8,9,64,0.47,1,8
2007/2008,A1,Regular_Season,1st,8,4,0,16/12/2007,17:30,743,1863,O,Yamamay Busto Arsizio,Busto Arsizio Uyba,1,3,4,12,16,18,8,16,21,25,8,14,16,22,7,16,21,25,8,14,18,25,7,16,21,23,8,13,17,21,7,16,21,25,-,-,-,-,-,-,-,-,63,24,29,85,4,2,88,6,0.55,0.39,141,13,8,52,0.37,3,9
2007/2008,A1,Regular_Season,1st,8,5,0,14/12/2007,21:00,1282,5754,C,Foppapedretti Bergamo,Volley Bergamo,3,0,8,16,21,25,4,12,14,17,8,16,21,25,2,6,16,17,8,16,21,25,6,13,16,17,-,-,-,-,-,-,-,-,-,-,-,-,-,-,-,-,54,24,37,73,5,-,45,-,0.87,0.62,97,5,7,47,0.48,-,7
2007/2008,A1,Regular_Season,1st,8,5,0,14/12/2007,21:00,1282,5754,O,Unicom Starker Kerakoll Sassuolo,Sassuolo,0,3,4,12,14,17,8,16,21,25,2,6,16,17,8,16,21,25,6,13,16,17,8,16,21,25,-,-,-,-,-,-,-,-,-,-,-,-,-,-,-,-,41,9,13,52,7,-,68,2,0.69,0.47,97,10,7,34,0.35,2,7
2007/2008,A1,Regular_Season,1st,8,6,0,12/12/2007,20:30,1173,4018,C,Tena Santeramo,Santeramo,3,2,8,16,21,25,2,5,13,19,8,16,21,25,7,11,19,27,6,16,15,24,8,21,21,26,8,16,21,25,2,9,19,23,5,10,12,15,3,5,7,12,100,38,50,115,12,5,104,4,0.84,0.6,188,15,16,77,0.41,3,18
2007/2008,A1,Regular_Season,1st,8,6,0,12/12/2007,20:30,1173,4018,O,Minetti Infoplus Imola,Vicenza,2,3,2,5,13,19,8,16,21,25,7,11,19,27,8,16,21,25,8,21,21,26,6,16,15,24,2,9,19,23,8,16,21,25,3,5,7,12,5,10,12,15,76,29,36,107,3,2,103,9,0.78,0.56,164,10,18,58,0.35,-,16
2007/2008,A1,Regular_Season,1st,9,1,0,22/12/2007,20:30,1304,435,C,Lines Ecocapitanata Altamura,Altamura,3,1,8,16,21,25,6,13,15,21,2,2,4,8,8,16,21,25,8,16,21,25,6,11,17,21,8,16,21,25,6,10,15,17,-,-,-,-,-,-,-,-,64,22,33,81,8,3,80,9,0.51,0.26,126,8,4,54,0.43,2,7
2007/2008,A1,Regular_Season,1st,9,1,0,22/12/2007,20:30,1304,435,O,Monte Schiavo Banca Marche Jesi,Jesi,1,3,6,13,15,21,8,16,21,25,8,16,21,25,2,2,4,8,6,11,17,21,8,16,21,25,6,10,15,17,8,16,21,25,-,-,-,-,-,-,-,-,66,25,36,85,4,9,72,3,0.69,0.46,119,12,7,53,0.45,4,4
2007/2008,A1,Regular_Season,1st,9,2,0,23/12/2007,16:00,2503,10557,C,Despar Perugia,Perugia,3,2,7,11,15,20,8,16,21,25,2,12,18,23,8,16,21,25,8,16,21,25,3,12,16,19,8,16,21,25,5,10,14,17,5,10,12,15,3,7,10,12,84,31,46,107,3,1,91,5,0.82,0.54,159,12,17,66,0.42,1,17
2007/2008,A1,Regular_Season,1st,9,2,0,23/12/2007,16:00,2503,10557,O,Foppapedretti Bergamo,Volley Bergamo,2,3,8,16,21,25,7,11,15,20,8,16,21,25,2,12,18,23,3,12,16,19,8,16,21,25,5,10,14,17,8,16,21,25,3,7,10,12,5,10,12,15,81,27,40,99,8,4,104,1,0.84,0.52,178,13,17,60,0.34,2,17
2007/2008,A1,Regular_Season,1st,9,3,0,22/12/2007,20:30,736,1294,C,Scavolini Pesaro,Pesaro,3,1,8,14,17,30,5,16,21,32,7,16,21,25,8,12,15,20,8,16,21,25,4,13,16,20,8,16,21,25,5,9,13,14,-,-,-,-,-,-,-,-,81,34,48,104,8,4,79,4,0.67,0.34,116,17,4,60,0.52,-,17
2007/2008,A1,Regular_Season,1st,9,3,0,22/12/2007,20:30,736,1294,O,Tena Santeramo,Santeramo,1,3,5,16,21,32,8,14,17,30,8,12,15,20,7,16,21,25,4,13,16,20,8,16,21,25,5,9,13,14,8,16,21,25,-,-,-,-,-,-,-,-,61,18,17,87,8,4,96,4,0.68,0.45,127,15,17,53,0.42,-,4
2007/2008,A1,Regular_Season,1st,9,4,0,19/12/2007,20:30,707,3323,C,Famila Chieri,Chieri,3,1,8,16,21,25,3,8,12,15,7,16,21,25,8,13,19,21,6,8,11,18,8,16,21,25,8,16,21,25,6,15,16,20,-,-,-,-,-,-,-,-,72,31,40,92,12,3,75,4,0.73,0.49,117,4,9,57,0.49,3,12
2007/2008,A1,Regular_Season,1st,9,4,0,19/12/2007,20:30,707,3323,O,Minetti Infoplus Imola,Vicenza,1,3,3,8,12,15,8,16,21,25,8,13,19,21,7,16,21,25,8,16,21,25,6,8,11,18,6,15,16,20,8,16,21,25,-,-,-,-,-,-,-,-,62,24,25,82,7,3,80,5,0.68,0.5,113,12,12,50,0.44,1,9
2007/2008,A1,Regular_Season,1st,9,5,0,21/12/2007,21:00,4271,6696,C,Yamamay Busto Arsizio,Busto Arsizio Uyba,1,3,8,16,21,25,4,13,18,21,8,13,19,24,7,16,21,26,8,16,19,23,3,15,21,25,7,16,20,21,8,15,21,25,-,-,-,-,-,-,-,-,72,29,31,94,10,6,91,3,0.71,0.41,135,17,11,54,0.4,-,12
2007/2008,A1,Regular_Season,1st,9,5,0,21/12/2007,21:00,4271,6696,O,Asystel Volley Novara,Novara Trecate,3,1,4,13,18,21,8,16,21,25,7,16,21,26,8,13,19,24,3,15,21,25,8,16,19,23,8,15,21,25,7,16,20,21,-,-,-,-,-,-,-,-,70,30,31,96,5,2,84,7,0.75,0.42,134,15,12,57,0.43,-,11
2007/2008,A1,Regular_Season,1st,9,6,0,22/12/2007,20:30,550,810,C,Infotel Banca Forlì,Forlì (Ex Forlimpopoli),0,3,3,13,15,19,8,16,21,25,3,12,19,23,8,16,21,25,7,16,18,22,8,15,21,25,-,-,-,-,-,-,-,-,-,-,-,-,-,-,-,-,41,20,11,66,3,4,68,3,0.69,0.56,117,12,11,28,0.24,1,9
2007/2008,A1,Regular_Season,1st,9,6,0,22/12/2007,20:30,550,810,O,Unicom Starker Kerakoll Sassuolo,Sassuolo,3,0,8,16,21,25,3,13,15,19,8,16,21,25,3,12,19,23,8,15,21,25,7,16,18,22,-,-,-,-,-,-,-,-,-,-,-,-,-,-,-,-,54,27,18,73,5,2,63,5,0.68,0.57,118,16,9,41,0.35,1,11
2007/2008,A1,Regular_Season,1st,10,1,0,26/12/2007,17:30,2329,10579,C,Tena Santeramo,Santeramo,3,1,7,16,21,25,8,10,17,23,8,16,18,21,6,14,21,25,8,16,21,25,5,9,15,21,8,16,21,25,1,11,12,20,-,-,-,-,-,-,-,-,82,36,44,95,8,3,89,5,0.78,0.6,160,14,10,67,0.42,1,12
2007/2008,A1,Regular_Season,1st,10,1,0,26/12/2007,17:30,2329,10579,O,Lines Ecocapitanata Altamura,Altamura,1,3,8,10,17,23,7,16,21,25,6,14,21,25,8,16,18,21,5,9,15,21,8,16,21,25,1,11,12,20,8,16,21,25,-,-,-,-,-,-,-,-,66,26,36,90,1,2,87,5,0.68,0.6,169,12,12,54,0.32,-,10
2007/2008,A1,Regular_Season,1st,10,2,0,26/12/2007,17:30,1264,6300,C,Monte Schiavo Banca Marche Jesi,Jesi,1,3,8,16,21,25,6,11,15,17,6,12,16,18,8,16,21,25,5,11,15,16,8,16,21,25,7,10,13,20,8,16,21,25,-,-,-,-,-,-,-,-,60,16,17,79,8,3,83,4,0.78,0.64,137,14,16,53,0.39,1,4
2007/2008,A1,Regular_Season,1st,10,2,0,26/12/2007,17:30,1264,6300,O,Scavolini Pesaro,Pesaro,3,1,6,11,15,17,8,16,21,25,8,16,21,25,6,12,16,18,8,16,21,25,5,11,15,16,8,16,21,25,7,10,13,20,-,-,-,-,-,-,-,-,65,24,38,89,6,4,71,4,0.68,0.56,102,9,4,45,0.44,4,16
2007/2008,A1,Regular_Season,1st,10,3,0,26/12/2007,18:30,3851,18023,C,Asystel Volley Novara,Novara Trecate,3,2,8,16,21,25,5,9,17,22,4,10,14,15,8,16,21,25,8,16,21,25,7,12,19,21,8,16,19,22,7,15,21,25,5,10,12,15,4,5,6,8,84,29,48,102,9,6,97,8,0.77,0.51,148,10,7,61,0.41,2,17
2007/2008,A1,Regular_Season,1st,10,3,0,26/12/2007,18:30,3851,18023,O,Foppapedretti Bergamo,Volley Bergamo,2,3,5,9,17,22,8,16,21,25,8,16,21,25,4,10,14,15,7,12,19,21,8,16,21,25,7,15,21,25,8,16,19,22,4,5,6,8,5,10,12,15,77,29,39,101,4,7,93,6,0.73,0.42,164,12,16,63,0.38,-,7
2007/2008,A1,Regular_Season,1st,10,4,0,26/12/2007,21:15,1227,4107,C,Minetti Infoplus Imola,Vicenza,0,3,6,12,17,21,8,16,21,25,4,7,14,17,8,16,21,25,5,13,16,18,8,16,21,25,-,-,-,-,-,-,-,-,-,-,-,-,-,-,-,-,39,7,6,58,7,-,70,6,0.7,0.51,94,11,9,35,0.37,-,4
2007/2008,A1,Regular_Season,1st,10,4,0,26/12/2007,21:15,1227,4107,O,Despar Perugia,Perugia,3,0,8,16,21,25,6,12,17,21,8,16,21,25,4,7,14,17,8,16,21,25,5,13,16,18,-,-,-,-,-,-,-,-,-,-,-,-,-,-,-,-,55,23,37,73,3,3,51,1,0.75,0.61,95,9,4,43,0.45,1,9
2007/2008,A1,Regular_Season,1st,10,5,0,26/12/2007,17:30,3270,6685,C,Yamamay Busto Arsizio,Busto Arsizio Uyba,3,0,8,16,21,25,4,13,17,19,7,16,21,25,8,13,16,21,8,16,21,25,3,10,15,18,-,-,-,-,-,-,-,-,-,-,-,-,-,-,-,-,60,26,40,73,3,6,54,4,0.74,0.41,112,9,4,46,0.41,-,8
2007/2008,A1,Regular_Season,1st,10,5,0,26/12/2007,17:30,3270,6685,O,Infotel Banca Forlì,Forlì (Ex Forlimpopoli),0,3,4,13,17,19,8,16,21,25,8,13,16,21,7,16,21,25,3,10,15,18,8,16,21,25,-,-,-,-,-,-,-,-,-,-,-,-,-,-,-,-,48,12,18,60,6,6,70,7,0.74,0.51,111,9,8,38,0.34,-,4
2007/2008,A1,Regular_Season,1st,10,6,0,26/12/2007,17:30,1128,4555,C,Unicom Starker Kerakoll Sassuolo,Sassuolo,2,3,5,12,15,19,8,16,21,25,8,14,19,26,7,16,21,24,8,16,21,25,4,9,15,17,7,16,19,23,8,15,21,25,3,4,6,10,5,10,12,15,80,18,42,104,7,2,94,3,0.79,0.55,168,13,15,71,0.42,-,7
2007/2008,A1,Regular_Season,1st,10,6,0,26/12/2007,17:30,1128,4555,O,Famila Chieri,Chieri,3,2,8,16,21,25,5,12,15,19,7,16,21,24,8,14,19,26,4,9,15,17,8,16,21,25,8,15,21,25,7,16,19,23,5,10,12,15,3,4,6,10,85,23,54,105,11,2,97,2,0.72,0.53,153,11,7,68,0.44,-,15
2007/2008,A1,Regular_Season,1st,11,1,0,29/12/2007,20:30,1087,3279,C,Scavolini Pesaro,Pesaro,3,0,7,15,21,25,8,16,20,22,7,15,21,25,8,16,18,20,6,16,21,25,8,13,16,18,-,-,-,-,-,-,-,-,-,-,-,-,-,-,-,-,58,23,38,73,7,3,54,2,0.74,0.41,92,5,6,48,0.52,-,7
2007/2008,A1,Regular_Season,1st,11,1,0,29/12/2007,20:30,1087,3279,O,Asystel Volley Novara,Novara Trecate,0,3,8,16,20,22,7,15,21,25,8,16,18,20,7,15,21,25,8,13,16,18,6,16,21,25,-,-,-,-,-,-,-,-,-,-,-,-,-,-,-,-,49,16,22,62,8,2,66,3,0.62,0.35,105,9,7,41,0.39,-,6
2007/2008,A1,Regular_Season,1st,11,2,0,29/12/2007,20:30,1317,507,C,Lines Ecocapitanata Altamura,Altamura,3,1,4,16,21,25,8,13,15,16,8,16,21,25,6,8,15,19,5,9,12,18,8,16,21,25,6,16,21,25,8,15,19,21,-,-,-,-,-,-,-,-,76,33,48,92,6,1,76,2,0.75,0.57,135,7,9,58,0.43,4,17
2007/2008,A1,Regular_Season,1st,11,2,0,29/12/2007,20:30,1317,507,O,Minetti Infoplus Imola,Vicenza,1,3,8,13,15,16,4,16,21,25,6,8,15,19,8,16,21,25,8,16,21,25,5,9,12,18,8,15,19,21,6,16,21,25,-,-,-,-,-,-,-,-,62,21,28,82,6,-,86,1,0.77,0.58,147,10,17,53,0.36,-,9
2007/2008,A1,Regular_Season,1st,11,3,0,29/12/2007,20:30,1113,5610,C,Famila Chieri,Chieri,3,0,8,16,21,25,7,11,14,17,7,16,21,25,8,13,16,21,8,16,21,25,4,9,12,12,-,-,-,-,-,-,-,-,-,-,-,-,-,-,-,-,52,22,39,73,3,1,47,5,0.55,0.4,76,1,3,42,0.55,1,9
2007/2008,A1,Regular_Season,1st,11,3,0,29/12/2007,20:30,1113,5610,O,Tena Santeramo,Santeramo,0,3,7,11,14,17,8,16,21,25,8,13,16,21,7,16,21,25,4,9,12,12,8,16,21,25,-,-,-,-,-,-,-,-,-,-,-,-,-,-,-,-,45,9,13,52,5,4,70,3,0.69,0.46,104,16,8,38,0.37,-,3
2007/2008,A1,Regular_Season,1st,11,4,0,29/12/2007,20:30,2468,15304,C,Foppapedretti Bergamo,Volley Bergamo,3,0,8,16,21,25,7,13,16,20,8,16,21,25,4,6,12,13,8,16,21,25,2,11,11,14,-,-,-,-,-,-,-,-,-,-,-,-,-,-,-,-,60,26,44,74,4,5,43,-,0.86,0.67,94,4,6,44,0.47,2,11
2007/2008,A1,Regular_Season,1st,11,4,0,29/12/2007,20:30,2468,15304,O,Yamamay Busto Arsizio,Busto Arsizio Uyba,0,3,7,13,16,20,8,16,21,25,4,6,12,13,8,16,21,25,2,11,11,14,8,16,21,25,-,-,-,-,-,-,-,-,-,-,-,-,-,-,-,-,37,5,4,48,5,-,70,7,0.64,0.31,95,9,11,31,0.33,1,6
2007/2008,A1,Regular_Season,1st,11,5,0,29/12/2007,20:30,600,1110,C,Infotel Banca Forlì,Forlì (Ex Forlimpopoli),0,3,4,13,15,17,8,16,21,25,5,10,14,20,8,16,21,25,8,13,16,17,7,16,21,25,-,-,-,-,-,-,-,-,-,-,-,-,-,-,-,-,37,9,18,55,3,1,67,3,0.85,0.54,109,8,5,30,0.28,-,6
2007/2008,A1,Regular_Season,1st,11,5,0,29/12/2007,20:30,600,1110,O,Monte Schiavo Banca Marche Jesi,Jesi,3,0,8,16,21,25,4,13,15,17,8,16,21,25,5,10,14,20,7,16,21,25,8,13,16,17,-,-,-,-,-,-,-,-,-,-,-,-,-,-,-,-,63,26,37,75,8,1,52,3,0.81,0.6,112,9,6,57,0.51,-,5
2007/2008,A1,Regular_Season,1st,11,6,0,29/12/2007,20:30,2408,8601,C,Despar Perugia,Perugia,3,0,8,16,21,25,4,10,12,20,8,16,21,25,2,12,13,16,8,16,21,25,4,12,16,19,-,-,-,-,-,-,-,-,-,-,-,-,-,-,-,-,59,27,44,73,1,3,49,2,0.71,0.51,88,2,9,49,0.56,1,7
2007/2008,A1,Regular_Season,1st,11,6,0,29/12/2007,20:30,2408,8601,O,Unicom Starker Kerakoll Sassuolo,Sassuolo,0,3,4,10,12,20,8,16,21,25,2,12,13,16,8,16,21,25,4,12,16,19,8,16,21,25,-,-,-,-,-,-,-,-,-,-,-,-,-,-,-,-,49,13,24,55,6,1,72,4,0.74,0.5,98,6,7,39,0.4,2,9
2007/2008,A1,Regular_Season,2nd,1,1,0,27/1/2008,17:30,1049,2165,C,Minetti Infoplus Imola,Vicenza,2,3,6,16,21,25,8,15,15,18,8,15,21,26,7,16,20,24,4,13,17,21,8,16,21,25,5,8,12,15,8,16,21,25,3,4,6,7,5,10,12,15,69,19,24,95,14,3,97,3,0.73,0.61,144,12,16,58,0.4,-,8
2007/2008,A1,Regular_Season,2nd,1,1,0,27/1/2008,17:30,1049,2165,O,Asystel Volley Novara,Novara Trecate,3,2,8,15,15,18,6,16,21,25,7,16,20,24,8,15,21,26,8,16,21,25,4,13,17,21,8,16,21,25,5,8,12,15,5,10,12,15,3,4,6,7,77,32,43,106,9,1,81,3,0.78,0.64,143,14,8,60,0.42,-,16
2007/2008,A1,Regular_Season,2nd,1,2,0,27/1/2008,17:30,4541,7730,C,Yamamay Busto Arsizio,Busto Arsizio Uyba,3,2,8,16,19,26,6,14,21,24,8,16,21,25,3,8,11,15,7,16,17,21,8,15,21,25,8,16,21,24,5,14,20,26,3,9,11,18,5,10,12,16,90,39,42,114,11,8,95,6,0.68,0.42,178,13,18,73,0.41,-,9
2007/2008,A1,Regular_Season,2nd,1,2,0,27/1/2008,17:30,4541,7730,O,Scavolini Pesaro,Pesaro,2,3,6,14,21,24,8,16,19,26,3,8,11,15,8,16,21,25,8,15,21,25,7,16,17,21,5,14,20,26,8,16,21,24,5,10,12,16,3,9,11,18,81,34,41,106,11,6,103,8,0.5,0.27,151,12,9,57,0.38,-,18
2007/2008,A1,Regular_Season,2nd,1,3,0,25/1/2008,21:00,1012,4270,C,Famila Chieri,Chieri,1,3,8,16,21,25,7,12,17,27,8,15,19,27,7,16,21,25,5,13,19,23,8,16,21,25,6,11,13,20,8,16,21,25,-,-,-,-,-,-,-,-,71,24,27,95,9,3,94,9,0.69,0.48,146,13,11,61,0.42,2,7
2007/2008,A1,Regular_Season,2nd,1,3,0,25/1/2008,21:00,1012,4270,O,Lines Ecocapitanata Altamura,Altamura,3,1,7,12,17,27,8,16,21,25,7,16,21,25,8,15,19,27,8,16,21,25,5,13,19,23,8,16,21,25,6,11,13,20,-,-,-,-,-,-,-,-,76,29,43,101,7,6,86,4,0.63,0.48,143,13,7,59,0.41,2,11
2007/2008,A1,Regular_Season,2nd,1,4,0,27/1/2008,17:30,954,3859,C,Unicom Starker Kerakoll Sassuolo,Sassuolo,2,3,8,16,21,24,4,13,18,26,8,16,21,25,5,12,17,21,8,16,21,25,6,14,18,18,5,10,13,17,8,16,21,25,2,7,12,17,5,10,10,19,74,27,25,107,7,1,98,10,0.74,0.53,169,14,18,58,0.34,-,15
2007/2008,A1,Regular_Season,2nd,1,4,0,27/1/2008,17:30,954,3859,O,Monte Schiavo Banca Marche Jesi,Jesi,3,2,4,13,18,26,8,16,21,24,5,12,17,21,8,16,21,25,6,14,18,18,8,16,21,25,8,16,21,25,5,10,13,17,5,10,10,19,2,7,12,17,86,34,40,109,11,6,100,2,0.8,0.59,171,18,15,62,0.36,-,18
2007/2008,A1,Regular_Season,2nd,1,5,0,27/1/2008,17:30,750,1575,C,Infotel Banca Forlì,Forlì (Ex Forlimpopoli),0,3,4,11,14,16,8,16,21,25,6,15,20,21,8,16,21,25,3,7,12,12,8,16,21,25,-,-,-,-,-,-,-,-,-,-,-,-,-,-,-,-,40,8,-1,50,9,-,71,4,0.73,0.41,105,12,16,38,0.36,-,2
2007/2008,A1,Regular_Season,2nd,1,5,0,27/1/2008,17:30,750,1575,O,Foppapedretti Bergamo,Volley Bergamo,3,0,8,16,21,25,4,11,14,16,8,16,21,25,6,15,20,21,8,16,21,25,3,7,12,12,-,-,-,-,-,-,-,-,-,-,-,-,-,-,-,-,54,27,43,74,3,4,41,-,0.63,0.44,78,6,2,34,0.44,-,16
2007/2008,A1,Regular_Season,2nd,1,6,0,26/1/2008,17:30,1104,4224,C,Tena Santeramo,Santeramo,0,3,3,10,16,19,8,16,21,25,8,16,19,20,4,14,21,25,2,8,11,11,8,16,21,25,-,-,-,-,-,-,-,-,-,-,-,-,-,-,-,-,37,10,10,52,5,3,69,4,0.8,0.67,96,12,5,29,0.3,1,5
2007/2008,A1,Regular_Season,2nd,1,6,0,26/1/2008,17:30,1104,4224,O,Despar Perugia,Perugia,3,0,8,16,21,25,3,10,16,19,4,14,21,25,8,16,19,20,8,16,21,25,2,8,11,11,-,-,-,-,-,-,-,-,-,-,-,-,-,-,-,-,55,26,37,73,4,4,47,3,0.85,0.77,92,4,5,46,0.5,2,5
2007/2008,A1,Regular_Season,2nd,2,1,0,3/2/2008,17:30,817,1408,C,Scavolini Pesaro,Pesaro,3,0,6,16,21,25,8,13,16,19,8,16,21,25,5,10,14,19,10,15,21,25,8,16,17,19,-,-,-,-,-,-,-,-,-,-,-,-,-,-,-,-,56,17,41,73,7,1,53,-,0.6,0.3,84,4,4,49,0.58,-,6
2007/2008,A1,Regular_Season,2nd,2,1,0,3/2/2008,17:30,817,1408,O,Minetti Infoplus Imola,Vicenza,0,3,8,13,16,19,6,16,21,25,5,10,14,19,8,16,21,25,8,16,17,19,10,15,21,25,-,-,-,-,-,-,-,-,-,-,-,-,-,-,-,-,46,10,20,59,6,-,66,1,0.77,0.56,95,13,6,42,0.44,-,4
2007/2008,A1,Regular_Season,2nd,2,2,0,2/2/2008,20:30,728,1816,C,Monte Schiavo Banca Marche Jesi,Jesi,3,0,6,16,21,26,8,14,19,24,8,16,21,25,6,15,19,19,8,16,21,25,4,8,14,20,-,-,-,-,-,-,-,-,-,-,-,-,-,-,-,-,55,22,24,74,8,3,56,5,0.71,0.32,108,9,8,48,0.44,1,4
2007/2008,A1,Regular_Season,2nd,2,2,0,2/2/2008,20:30,728,1816,O,Famila Chieri,Chieri,0,3,8,14,19,24,6,16,21,26,6,15,19,19,8,16,21,25,4,8,14,20,8,16,21,25,-,-,-,-,-,-,-,-,-,-,-,-,-,-,-,-,45,14,16,65,9,4,66,4,0.58,0.3,88,11,4,33,0.38,1,8
2007/2008,A1,Regular_Season,2nd,2,3,0,3/2/2008,17:30,1443,756,C,Lines Ecocapitanata Altamura,Altamura,1,3,8,16,19,22,3,11,21,25,7,12,19,27,8,16,21,25,8,16,18,21,5,14,21,25,4,12,17,20,8,16,21,25,-,-,-,-,-,-,-,-,62,27,24,91,8,4,91,3,0.74,0.53,158,13,14,46,0.29,-,12
2007/2008,A1,Regular_Season,2nd,2,3,0,3/2/2008,17:30,1443,756,O,Yamamay Busto Arsizio,Busto Arsizio Uyba,3,1,3,11,21,25,8,16,19,22,8,16,21,25,7,12,19,27,5,14,21,25,8,16,18,21,8,16,21,25,4,12,17,20,-,-,-,-,-,-,-,-,76,36,35,99,8,3,83,4,0.69,0.52,154,14,12,59,0.38,3,14
2007/2008,A1,Regular_Season,2nd,2,4,0,1/2/2008,21:00,1356,5187,C,Asystel Volley Novara,Novara Trecate,0,3,7,15,20,23,8,16,21,25,8,11,16,19,7,16,21,25,5,10,16,19,8,16,21,25,-,-,-,-,-,-,-,-,-,-,-,-,-,-,-,-,46,14,7,62,11,3,68,4,0.62,0.43,108,13,10,37,0.34,1,6
2007/2008,A1,Regular_Season,2nd,2,4,0,1/2/2008,21:00,1356,5187,O,Unicom Starker Kerakoll Sassuolo,Sassuolo,3,0,8,16,21,25,7,15,20,23,7,16,21,25,8,11,16,19,8,16,21,25,5,10,16,19,-,-,-,-,-,-,-,-,-,-,-,-,-,-,-,-,47,20,23,74,6,2,51,4,0.67,0.41,92,7,6,35,0.38,1,10
2007/2008,A1,Regular_Season,2nd,2,5,0,30/1/2008,20:30,960,4424,C,Foppapedretti Bergamo,Volley Bergamo,3,1,2,6,17,21,8,16,21,25,8,16,21,25,6,12,16,17,5,16,21,25,8,15,15,20,8,16,21,25,5,9,11,14,-,-,-,-,-,-,-,-,67,36,33,95,5,6,65,3,0.78,0.55,140,13,12,50,0.36,1,11
2007/2008,A1,Regular_Season,2nd,2,5,0,30/1/2008,20:30,960,4424,O,Tena Santeramo,Santeramo,1,3,8,16,21,25,2,6,17,21,6,12,16,17,8,16,21,25,8,15,15,20,5,16,21,25,5,9,11,14,8,16,21,25,-,-,-,-,-,-,-,-,57,18,13,77,12,1,90,8,0.64,0.36,141,12,11,44,0.31,1,12
2007/2008,A1,Regular_Season,2nd,2,6,0,2/2/2008,20:30,1768,7383,C,Despar Perugia,Perugia,3,0,8,18,21,25,6,16,17,20,8,16,21,25,4,13,18,22,3,16,21,25,8,15,17,19,-,-,-,-,-,-,-,-,-,-,-,-,-,-,-,-,55,18,28,73,6,3,58,-,0.72,0.52,104,9,10,44,0.42,2,8
2007/2008,A1,Regular_Season,2nd,2,6,0,2/2/2008,20:30,1768,7383,O,Infotel Banca Forlì,Forlì (Ex Forlimpopoli),0,3,6,16,17,20,8,18,21,25,4,13,18,22,8,16,21,25,8,15,17,19,3,16,21,25,-,-,-,-,-,-,-,-,-,-,-,-,-,-,-,-,43,11,13,63,5,-,67,4,0.76,0.49,111,11,8,33,0.3,2,10
2007/2008,A1,Regular_Season,2nd,3,1,0,6/2/2008,20:30,2495,9075,C,Despar Perugia,Perugia,0,3,7,11,13,19,8,16,21,25,8,13,17,22,6,16,21,25,6,15,20,25,8,16,21,27,-,-,-,-,-,-,-,-,-,-,-,-,-,-,-,-,51,16,17,68,5,2,69,5,0.84,0.68,123,10,11,44,0.36,3,5
2007/2008,A1,Regular_Season,2nd,3,1,0,6/2/2008,20:30,2495,9075,O,Scavolini Pesaro,Pesaro,3,0,8,16,21,25,7,11,13,19,6,16,21,25,8,13,17,22,8,16,21,27,6,15,20,25,-,-,-,-,-,-,-,-,-,-,-,-,-,-,-,-,56,19,36,75,6,4,63,2,0.78,0.49,111,4,5,41,0.37,3,11
2007/2008,A1,Regular_Season,2nd,3,2,0,6/2/2008,20:30,1138,6898,C,Famila Chieri,Chieri,1,3,8,16,21,24,4,11,17,26,8,16,21,25,6,9,16,21,8,9,9,13,7,16,21,25,7,14,16,20,8,16,21,25,-,-,-,-,-,-,-,-,62,18,21,82,6,6,89,6,0.63,0.48,120,11,14,50,0.42,4,6
2007/2008,A1,Regular_Season,2nd,3,2,0,6/2/2008,20:30,1138,6898,O,Foppapedretti Bergamo,Volley Bergamo,3,1,4,11,17,26,8,16,21,24,6,9,16,21,8,16,21,25,7,16,21,25,8,9,9,13,8,16,21,25,7,14,16,20,-,-,-,-,-,-,-,-,76,32,43,97,8,1,76,7,0.67,0.46,127,12,6,61,0.48,-,14
2007/2008,A1,Regular_Season,2nd,3,3,0,6/2/2008,20:30,2542,4675,C,Yamamay Busto Arsizio,Busto Arsizio Uyba,3,1,8,16,21,25,6,13,17,18,5,9,20,31,8,16,21,29,6,15,20,23,8,16,21,25,4,15,21,25,8,16,17,22,-,-,-,-,-,-,-,-,77,32,38,104,9,3,88,6,0.63,0.33,148,14,8,61,0.41,2,13
2007/2008,A1,Regular_Season,2nd,3,3,0,6/2/2008,20:30,2542,4675,O,Minetti Infoplus Imola,Vicenza,1,3,6,13,17,18,8,16,21,25,8,16,21,29,5,9,20,31,8,16,21,25,6,15,20,23,8,16,17,22,4,15,21,25,-,-,-,-,-,-,-,-,67,24,24,95,7,2,95,4,0.76,0.4,165,17,13,57,0.35,2,8
2007/2008,A1,Regular_Season,2nd,3,4,0,5/2/2008,20:35,819,4043,C,Tena Santeramo,Santeramo,3,1,8,15,21,35,6,16,19,33,7,10,16,21,8,16,21,25,8,16,21,25,4,13,17,19,8,16,21,25,7,11,14,18,-,-,-,-,-,-,-,-,79,27,39,105,10,5,85,6,0.78,0.52,140,7,15,57,0.41,2,17
2007/2008,A1,Regular_Season,2nd,3,4,0,5/2/2008,20:35,819,4043,O,Monte Schiavo Banca Marche Jesi,Jesi,1,3,6,16,19,33,8,15,21,35,8,16,21,25,7,10,16,21,4,13,17,19,8,16,21,25,7,11,14,18,8,16,21,25,-,-,-,-,-,-,-,-,74,24,28,96,11,7,94,5,0.77,0.6,156,11,17,52,0.33,2,15
2007/2008,A1,Regular_Season,2nd,3,5,0,6/2/2008,20:30,400,465,C,Infotel Banca Forlì,Forlì (Ex Forlimpopoli),2,3,8,16,21,25,4,9,10,16,7,12,14,17,8,16,21,25,6,11,14,15,8,16,21,25,8,16,21,25,5,13,16,22,5,8,8,11,4,10,12,15,73,22,31,92,12,3,95,5,0.69,0.53,150,9,16,62,0.41,-,8
2007/2008,A1,Regular_Season,2nd,3,5,0,6/2/2008,20:30,400,465,O,Asystel Volley Novara,Novara Trecate,3,2,4,9,10,16,8,16,21,25,8,16,21,25,7,12,14,17,8,16,21,25,6,11,14,15,5,13,16,22,8,16,21,25,4,10,12,15,5,8,8,11,77,32,48,102,7,5,80,3,0.65,0.48,135,12,7,56,0.41,-,16
2007/2008,A1,Regular_Season,2nd,3,6,0,6/2/2008,20:30,723,2617,C,Unicom Starker Kerakoll Sassuolo,Sassuolo,3,0,8,16,21,25,7,14,16,19,8,16,21,26,6,14,17,24,8,16,21,25,7,11,16,20,-,-,-,-,-,-,-,-,-,-,-,-,-,-,-,-,61,26,42,74,2,2,61,1,0.77,0.57,133,11,5,50,0.38,-,9
2007/2008,A1,Regular_Season,2nd,3,6,0,6/2/2008,20:30,723,2617,O,Lines Ecocapitanata Altamura,Altamura,0,3,7,14,16,19,8,16,21,25,6,14,17,24,8,16,21,26,7,11,16,20,8,16,21,25,-,-,-,-,-,-,-,-,-,-,-,-,-,-,-,-,49,13,21,65,4,1,72,5,0.67,0.43,133,10,9,43,0.32,-,5
2007/2008,A1,Regular_Season,2nd,4,1,0,9/2/2008,20:30,1579,3229,C,Monte Schiavo Banca Marche Jesi,Jesi,3,1,8,16,21,25,5,12,18,22,8,13,18,22,7,16,21,25,8,16,21,25,7,10,13,15,8,16,21,25,4,10,17,20,-,-,-,-,-,-,-,-,78,30,43,96,11,12,74,8,0.69,0.46,113,9,7,58,0.51,-,8
2007/2008,A1,Regular_Season,2nd,4,1,0,9/2/2008,20:30,1579,3229,O,Foppapedretti Bergamo,Volley Bergamo,1,3,5,12,18,22,8,16,21,25,7,16,21,25,8,13,18,22,7,10,13,15,8,16,21,25,4,10,17,20,8,16,21,25,-,-,-,-,-,-,-,-,61,18,19,83,9,6,85,15,0.51,0.25,94,9,8,48,0.51,1,7
2007/2008,A1,Regular_Season,2nd,4,2,0,9/2/2008,20:00,1398,387,C,Lines Ecocapitanata Altamura,Altamura,1,3,5,12,15,19,8,16,21,25,7,16,21,25,8,15,18,21,5,10,13,16,8,16,21,25,6,12,18,24,8,16,21,26,-,-,-,-,-,-,-,-,66,20,35,85,7,3,94,3,0.83,0.68,156,14,7,55,0.35,-,8
2007/2008,A1,Regular_Season,2nd,4,2,0,9/2/2008,20:00,1398,387,O,Despar Perugia,Perugia,3,1,8,16,21,25,5,12,15,19,8,15,18,21,7,16,21,25,8,16,21,25,5,10,13,16,8,16,21,26,6,12,18,24,-,-,-,-,-,-,-,-,73,29,44,96,2,3,78,5,0.77,0.69,159,14,8,63,0.4,-,7
2007/2008,A1,Regular_Season,2nd,4,3,0,10/2/2008,17:30,1005,2189,C,Scavolini Pesaro,Pesaro,3,1,4,9,14,19,8,16,21,25,5,16,20,32,8,14,21,30,2,14,21,26,8,16,20,24,6,11,17,32,8,16,21,30,-,-,-,-,-,-,-,-,86,31,38,106,13,6,104,8,0.64,0.44,141,13,14,62,0.44,-,18
2007/2008,A1,Regular_Season,2nd,4,3,0,10/2/2008,17:30,1005,2189,O,Famila Chieri,Chieri,1,3,8,16,21,25,4,9,14,19,8,14,21,30,5,16,20,32,8,16,20,24,2,14,21,26,8,16,21,30,6,11,17,32,-,-,-,-,-,-,-,-,83,33,38,111,7,8,93,6,0.73,0.47,142,14,18,61,0.43,-,14
2007/2008,A1,Regular_Season,2nd,4,4,0,10/2/2008,17:30,1278,5225,C,Asystel Volley Novara,Novara Trecate,3,2,8,16,20,39,6,15,21,37,5,9,10,16,8,16,21,25,8,16,21,25,4,5,6,9,8,16,20,23,5,13,21,25,5,10,12,15,2,6,10,12,93,37,52,117,13,3,96,7,0.79,0.54,164,7,12,73,0.45,2,17
2007/2008,A1,Regular_Season,2nd,4,4,0,10/2/2008,17:30,1278,5225,O,Tena Santeramo,Santeramo,2,3,6,15,21,37,8,16,20,39,8,16,21,25,5,9,10,16,4,5,6,9,8,16,21,25,5,13,21,25,8,16,20,23,2,6,10,12,5,10,12,15,84,30,37,108,12,6,104,5,0.74,0.42,154,8,17,66,0.43,5,12
2007/2008,A1,Regular_Season,2nd,4,5,0,10/2/2008,17:30,846,2407,C,Minetti Infoplus Imola,Vicenza,3,1,8,16,21,25,3,6,11,14,8,16,21,25,6,13,17,19,6,13,15,16,8,16,21,25,8,16,21,25,4,6,7,14,-,-,-,-,-,-,-,-,71,36,42,90,7,6,66,5,0.71,0.47,124,10,7,56,0.45,-,9
2007/2008,A1,Regular_Season,2nd,4,5,0,10/2/2008,17:30,846,2407,O,Infotel Banca Forlì,Forlì (Ex Forlimpopoli),1,3,3,6,11,14,8,16,21,25,6,13,17,19,8,16,21,25,8,16,21,25,6,13,15,16,4,6,7,14,8,16,21,25,-,-,-,-,-,-,-,-,54,21,17,73,7,4,83,10,0.49,0.37,120,10,9,43,0.36,1,7
2007/2008,A1,Regular_Season,2nd,4,6,0,8/2/2008,21:00,3464,6815,C,Yamamay Busto Arsizio,Busto Arsizio Uyba,3,1,8,16,21,25,4,12,19,19,8,16,21,25,3,11,17,22,4,16,21,22,8,14,19,25,8,16,21,25,7,14,18,23,-,-,-,-,-,-,-,-,72,30,36,96,7,3,81,4,0.78,0.46,143,10,15,56,0.39,-,13
2007/2008,A1,Regular_Season,2nd,4,6,0,8/2/2008,21:00,3464,6815,O,Unicom Starker Kerakoll Sassuolo,Sassuolo,1,3,4,12,19,19,8,16,21,25,3,11,17,22,8,16,21,25,8,14,19,25,4,16,21,22,7,14,18,23,8,16,21,25,-,-,-,-,-,-,-,-,70,26,29,90,9,1,89,4,0.71,0.39,153,13,13,54,0.35,2,15
2007/2008,A1,Regular_Season,2nd,5,1,0,17/2/2008,17:30,2535,10659,C,Despar Perugia,Perugia,1,3,6,12,16,21,8,16,21,25,8,16,21,25,6,13,19,23,6,9,16,19,8,16,21,25,8,13,16,19,3,16,21,25,-,-,-,-,-,-,-,-,58,24,26,85,2,3,85,7,0.75,0.51,122,11,11,46,0.38,1,9
2007/2008,A1,Regular_Season,2nd,5,1,0,17/2/2008,17:30,2535,10659,O,Monte Schiavo Banca Marche Jesi,Jesi,3,1,8,16,21,25,6,12,16,21,6,13,19,23,8,16,21,25,8,16,21,25,6,9,16,19,3,16,21,25,8,13,16,19,-,-,-,-,-,-,-,-,78,33,41,97,12,6,83,4,0.78,0.54,134,12,9,62,0.46,-,11
2007/2008,A1,Regular_Season,2nd,5,2,0,15/2/2008,21:00,2018,12518,C,Foppapedretti Bergamo,Volley Bergamo,2,3,8,13,21,25,5,16,19,22,8,14,18,22,5,16,21,25,6,13,15,19,8,16,21,25,5,16,21,25,8,15,16,16,5,10,12,18,3,5,9,20,84,38,34,110,10,5,100,5,0.77,0.57,184,16,16,67,0.36,3,12
2007/2008,A1,Regular_Season,2nd,5,2,0,15/2/2008,21:00,2018,12518,O,Scavolini Pesaro,Pesaro,3,2,5,16,19,22,8,13,21,25,5,16,21,25,8,14,18,22,8,16,21,25,6,13,15,19,8,15,16,16,5,16,21,25,3,5,9,20,5,10,12,18,77,33,34,106,6,1,100,9,0.75,0.45,180,14,12,60,0.33,2,16
2007/2008,A1,Regular_Season,2nd,5,3,0,17/2/2008,17:30,1446,9362,C,Famila Chieri,Chieri,0,3,6,14,17,21,8,16,21,25,7,8,15,19,8,16,21,25,8,16,19,20,7,15,21,25,-,-,-,-,-,-,-,-,-,-,-,-,-,-,-,-,45,16,10,62,5,5,66,8,0.65,0.48,84,13,9,34,0.4,-,6
2007/2008,A1,Regular_Season,2nd,5,3,0,17/2/2008,17:30,1446,9362,O,Asystel Volley Novara,Novara Trecate,3,0,8,16,21,25,6,14,17,21,8,16,21,25,7,8,15,19,7,15,21,25,8,16,19,20,-,-,-,-,-,-,-,-,-,-,-,-,-,-,-,-,54,22,29,71,5,4,57,6,0.67,0.46,83,6,6,41,0.49,2,9
2007/2008,A1,Regular_Season,2nd,5,4,0,17/2/2008,17:30,502,685,C,Infotel Banca Forlì,Forlì (Ex Forlimpopoli),0,3,7,16,21,26,8,14,18,28,6,11,16,18,8,16,21,25,8,12,19,23,6,16,21,25,-,-,-,-,-,-,-,-,-,-,-,-,-,-,-,-,49,16,18,69,3,3,73,3,0.67,0.29,150,15,10,37,0.25,-,9
2007/2008,A1,Regular_Season,2nd,5,4,0,17/2/2008,17:30,502,685,O,Lines Ecocapitanata Altamura,Altamura,3,0,8,14,18,28,7,16,21,26,8,16,21,25,6,11,16,18,6,16,21,25,8,12,19,23,-,-,-,-,-,-,-,-,-,-,-,-,-,-,-,-,60,24,29,77,4,3,66,3,0.85,0.53,153,15,9,47,0.31,-,10
2007/2008,A1,Regular_Season,2nd,5,5,0,17/2/2008,17:30,1187,4162,C,Unicom Starker Kerakoll Sassuolo,Sassuolo,3,1,8,16,21,25,2,12,18,19,8,16,21,25,5,10,13,20,8,14,15,22,5,16,21,25,7,11,19,28,8,16,21,26,-,-,-,-,-,-,-,-,79,38,39,99,5,3,83,5,0.69,0.33,148,15,14,57,0.39,1,19
2007/2008,A1,Regular_Season,2nd,5,5,0,17/2/2008,17:30,1187,4162,O,Minetti Infoplus Imola,Vicenza,1,3,2,12,18,19,8,16,21,25,5,10,13,20,8,16,21,25,5,16,21,25,8,14,15,22,8,16,21,26,7,11,19,28,-,-,-,-,-,-,-,-,65,29,20,91,8,2,94,6,0.76,0.46,153,12,19,49,0.32,-,14
2007/2008,A1,Regular_Season,2nd,5,6,0,17/2/2008,17:30,1014,4414,C,Tena Santeramo,Santeramo,3,1,8,16,21,25,5,12,18,22,6,13,21,25,8,16,17,20,6,7,12,17,8,16,21,25,8,16,21,25,7,10,14,18,-,-,-,-,-,-,-,-,71,32,34,91,8,3,80,4,0.7,0.59,155,8,17,59,0.38,-,9
2007/2008,A1,Regular_Season,2nd,5,6,0,17/2/2008,17:30,1014,4414,O,Yamamay Busto Arsizio,Busto Arsizio Uyba,1,3,5,12,18,22,8,16,21,25,8,16,17,20,6,13,21,25,8,16,21,25,6,7,12,17,7,10,14,18,8,16,21,25,-,-,-,-,-,-,-,-,64,28,29,85,5,3,83,4,0.72,0.49,143,16,9,44,0.31,1,17
2007/2008,A1,Regular_Season,2nd,6,1,0,24/2/2008,17:30,846,2208,C,Minetti Infoplus Imola,Vicenza,0,3,3,9,14,19,8,16,21,25,5,11,14,17,8,16,21,25,8,15,17,21,6,16,21,25,-,-,-,-,-,-,-,-,-,-,-,-,-,-,-,-,38,9,5,58,12,1,67,6,0.64,0.49,79,8,7,30,0.38,-,7
2007/2008,A1,Regular_Season,2nd,6,1,0,24/2/2008,17:30,846,2208,O,Monte Schiavo Banca Marche Jesi,Jesi,3,0,8,16,21,25,3,9,14,19,8,16,21,25,5,11,14,17,6,16,21,25,8,15,17,21,-,-,-,-,-,-,-,-,-,-,-,-,-,-,-,-,51,23,26,74,7,2,46,1,0.78,0.65,88,10,7,42,0.48,-,7
2007/2008,A1,Regular_Season,2nd,6,2,0,24/2/2008,17:30,2056,9128,C,Asystel Volley Novara,Novara Trecate,0,3,8,15,19,22,4,16,21,25,8,16,20,21,7,14,21,25,8,14,21,22,6,16,19,25,-,-,-,-,-,-,-,-,-,-,-,-,-,-,-,-,50,14,21,66,8,3,67,7,0.67,0.4,94,9,5,43,0.46,-,4
2007/2008,A1,Regular_Season,2nd,6,2,0,24/2/2008,17:30,2056,9128,O,Despar Perugia,Perugia,3,0,4,16,21,25,8,15,19,22,7,14,21,25,8,16,20,21,6,16,19,25,8,14,21,22,-,-,-,-,-,-,-,-,-,-,-,-,-,-,-,-,58,21,34,74,7,4,58,5,0.72,0.5,92,6,4,49,0.53,2,5
2007/2008,A1,Regular_Season,2nd,6,3,0,24/2/2008,17:30,1829,2292,C,Lines Ecocapitanata Altamura,Altamura,2,3,8,16,21,25,2,7,10,16,8,15,21,25,6,16,20,27,8,16,21,25,4,8,13,18,8,15,18,21,7,16,21,25,3,7,8,9,5,10,12,15,78,30,37,105,7,5,97,6,0.81,0.53,160,12,15,60,0.38,1,13
2007/2008,A1,Regular_Season,2nd,6,3,0,24/2/2008,17:30,1829,2292,O,Foppapedretti Bergamo,Volley Bergamo,3,2,2,7,10,16,8,16,21,25,6,16,20,27,8,15,21,25,4,8,13,18,8,16,21,25,7,16,21,25,8,15,18,21,5,10,12,15,3,7,8,9,78,31,37,101,4,4,98,6,0.73,0.47,156,12,13,59,0.38,6,15
2007/2008,A1,Regular_Season,2nd,6,4,0,24/2/2008,17:30,996,1960,C,Scavolini Pesaro,Pesaro,3,2,8,16,19,21,6,15,21,25,8,16,21,26,5,15,18,24,7,15,20,25,8,16,21,23,5,12,17,21,8,16,21,25,4,9,12,15,5,10,11,12,91,32,44,108,12,5,104,10,0.65,0.38,140,16,9,68,0.49,-,18
2007/2008,A1,Regular_Season,2nd,6,4,0,24/2/2008,17:30,996,1960,O,Unicom Starker Kerakoll Sassuolo,Sassuolo,2,3,6,15,21,25,8,16,19,21,5,15,18,24,8,16,21,26,8,16,21,23,7,15,20,25,8,16,21,25,5,12,17,21,5,10,11,12,4,9,12,15,82,32,41,111,7,10,96,5,0.69,0.38,144,11,18,63,0.44,-,9
2007/2008,A1,Regular_Season,2nd,6,5,0,22/2/2008,21:00,2982,6228,C,Yamamay Busto Arsizio,Busto Arsizio Uyba,3,0,8,16,21,25,4,9,16,19,8,16,21,25,5,15,17,21,8,16,21,25,7,13,15,16,-,-,-,-,-,-,-,-,-,-,-,-,-,-,-,-,66,31,42,74,7,3,51,2,0.69,0.53,104,8,5,54,0.52,2,9
2007/2008,A1,Regular_Season,2nd,6,5,0,22/2/2008,21:00,2982,6228,O,Famila Chieri,Chieri,0,3,4,9,16,19,8,16,21,25,5,15,17,21,8,16,21,25,7,13,15,16,8,16,21,25,-,-,-,-,-,-,-,-,-,-,-,-,-,-,-,-,38,11,17,57,6,2,67,4,0.55,0.34,98,3,8,31,0.32,-,5
2007/2008,A1,Regular_Season,2nd,6,6,0,24/2/2008,17:30,484,820,C,Infotel Banca Forlì,Forlì (Ex Forlimpopoli),0,3,4,12,18,21,8,16,21,25,5,16,12,16,8,24,21,25,7,13,17,19,8,16,21,25,-,-,-,-,-,-,-,-,-,-,-,-,-,-,-,-,43,8,21,58,5,2,68,5,0.78,0.51,93,5,7,36,0.39,-,5
2007/2008,A1,Regular_Season,2nd,6,6,0,24/2/2008,17:30,484,820,O,Tena Santeramo,Santeramo,3,0,8,16,21,25,4,12,18,21,8,24,21,25,5,16,12,16,8,16,21,25,7,13,17,19,-,-,-,-,-,-,-,-,-,-,-,-,-,-,-,-,63,25,44,73,5,3,53,3,0.89,0.51,98,6,5,53,0.54,-,7
2007/2008,A1,Regular_Season,2nd,7,1,0,1/3/2008,20:30,968,3075,C,Monte Schiavo Banca Marche Jesi,Jesi,0,3,8,12,17,18,6,16,21,25,8,15,19,27,7,16,21,29,5,14,21,26,8,16,20,28,-,-,-,-,-,-,-,-,-,-,-,-,-,-,-,-,56,12,29,73,9,1,75,5,0.79,0.52,104,6,7,49,0.47,-,6
2007/2008,A1,Regular_Season,2nd,7,1,0,1/3/2008,20:30,968,3075,O,Asystel Volley Novara,Novara Trecate,3,0,6,16,21,25,8,12,17,18,7,16,21,29,8,15,19,27,8,16,20,28,5,14,21,26,-,-,-,-,-,-,-,-,-,-,-,-,-,-,-,-,65,23,43,80,5,5,64,1,0.66,0.42,105,10,6,53,0.5,-,7
2007/2008,A1,Regular_Season,2nd,7,2,0,2/3/2008,17:30,862,2329,C,Scavolini Pesaro,Pesaro,3,0,8,16,21,25,3,7,12,14,8,16,21,25,5,8,15,19,4,15,21,25,8,16,18,23,-,-,-,-,-,-,-,-,-,-,-,-,-,-,-,-,59,29,38,73,6,6,49,4,0.78,0.63,91,5,6,42,0.46,-,11
2007/2008,A1,Regular_Season,2nd,7,2,0,2/3/2008,17:30,862,2329,O,Lines Ecocapitanata Altamura,Altamura,0,3,3,7,12,14,8,16,21,25,5,8,15,19,8,16,21,25,8,16,18,23,4,15,21,25,-,-,-,-,-,-,-,-,-,-,-,-,-,-,-,-,43,12,9,58,8,3,67,7,0.63,0.52,99,7,11,34,0.34,1,6
2007/2008,A1,Regular_Season,2nd,7,3,0,2/3/2008,17:30,1549,8966,C,Foppapedretti Bergamo,Volley Bergamo,2,3,8,16,21,25,2,8,15,17,7,9,16,23,8,16,21,25,8,16,21,25,6,11,15,16,3,9,12,13,8,16,21,25,3,7,7,7,5,10,12,15,68,26,22,94,5,5,87,8,0.72,0.51,138,16,16,53,0.38,1,10
2007/2008,A1,Regular_Season,2nd,7,3,0,2/3/2008,17:30,1549,8966,O,Minetti Infoplus Imola,Vicenza,3,2,2,8,15,17,8,16,21,25,8,16,21,25,7,9,16,23,6,11,15,16,8,16,21,25,8,16,21,25,3,9,12,13,5,10,12,15,3,7,7,7,76,31,35,97,10,6,89,6,0.75,0.42,137,15,10,54,0.39,-,16
2007/2008,A1,Regular_Season,2nd,7,4,0,29/2/2008,21:00,2068,8159,C,Despar Perugia,Perugia,3,2,6,12,17,21,8,16,21,25,8,15,20,26,5,16,21,24,8,16,20,24,5,12,21,26,6,15,21,25,8,16,20,21,4,10,12,15,5,9,9,12,84,27,40,110,9,1,100,3,0.73,0.51,161,11,20,66,0.41,1,17
2007/2008,A1,Regular_Season,2nd,7,4,0,29/2/2008,21:00,2068,8159,O,Yamamay Busto Arsizio,Busto Arsizio Uyba,2,3,8,16,21,25,6,12,17,21,5,16,21,24,8,15,20,26,5,12,21,26,8,16,20,24,8,16,20,21,6,15,21,25,5,9,9,12,4,10,12,15,85,32,43,108,8,2,101,1,0.72,0.44,166,12,17,63,0.38,4,20
2007/2008,A1,Regular_Season,2nd,7,5,0,2/3/2008,17:30,787,2255,C,Famila Chieri,Chieri,3,0,8,16,21,25,5,12,14,22,7,14,21,31,8,16,19,29,8,16,21,25,7,12,17,18,-,-,-,-,-,-,-,-,-,-,-,-,-,-,-,-,63,28,30,79,9,6,66,5,0.79,0.68,98,9,10,47,0.48,-,10
2007/2008,A1,Regular_Season,2nd,7,5,0,2/3/2008,17:30,787,2255,O,Infotel Banca Forlì,Forlì (Ex Forlimpopoli),0,3,5,12,14,22,8,16,21,25,8,16,19,29,7,14,21,31,7,12,17,18,8,16,21,25,-,-,-,-,-,-,-,-,-,-,-,-,-,-,-,-,50,18,17,71,5,4,70,6,0.6,0.54,100,12,10,36,0.36,-,10
2007/2008,A1,Regular_Season,2nd,7,6,0,2/3/2008,17:30,1236,4521,C,Tena Santeramo,Santeramo,3,0,8,16,21,25,6,10,12,16,6,16,21,25,8,15,19,23,8,16,21,25,4,11,14,19,-,-,-,-,-,-,-,-,-,-,-,-,-,-,-,-,55,32,34,74,7,4,51,4,0.69,0.55,99,5,5,43,0.43,-,8
2007/2008,A1,Regular_Season,2nd,7,6,0,2/3/2008,17:30,1236,4521,O,Unicom Starker Kerakoll Sassuolo,Sassuolo,0,3,6,10,12,16,8,16,21,25,8,15,19,23,6,16,21,25,4,11,14,19,8,16,21,25,-,-,-,-,-,-,-,-,-,-,-,-,-,-,-,-,43,16,13,59,8,3,67,4,0.67,0.45,100,10,8,35,0.35,-,5
2007/2008,A1,Regular_Season,2nd,8,1,0,9/3/2008,16:00,1020,585,C,Lines Ecocapitanata Altamura,Altamura,0,3,5,11,16,21,8,16,21,25,7,11,15,20,8,16,21,25,5,9,12,13,8,16,21,25,-,-,-,-,-,-,-,-,-,-,-,-,-,-,-,-,39,10,9,55,7,-,68,4,0.75,0.6,102,8,9,33,0.32,2,6
2007/2008,A1,Regular_Season,2nd,8,1,0,9/3/2008,16:00,1020,585,O,Asystel Volley Novara,Novara Trecate,3,0,8,16,21,25,5,11,16,21,8,16,21,25,7,11,15,20,8,16,21,25,5,9,12,13,-,-,-,-,-,-,-,-,-,-,-,-,-,-,-,-,57,26,37,73,5,3,48,1,0.85,0.69,96,8,6,45,0.47,-,9
2007/2008,A1,Regular_Season,2nd,8,2,0,9/3/2008,17:30,400,715,C,Infotel Banca Forlì,Forlì (Ex Forlimpopoli),0,3,0,8,10,12,8,16,21,25,7,16,18,20,8,15,21,25,6,15,21,27,8,16,18,29,-,-,-,-,-,-,-,-,-,-,-,-,-,-,-,-,45,13,15,61,4,3,71,6,0.82,0.49,110,10,10,38,0.35,-,4
2007/2008,A1,Regular_Season,2nd,8,2,0,9/3/2008,17:30,400,715,O,Scavolini Pesaro,Pesaro,3,0,8,16,21,25,0,8,10,12,8,15,21,25,7,16,18,20,8,16,18,29,6,15,21,27,-,-,-,-,-,-,-,-,-,-,-,-,-,-,-,-,62,28,43,77,6,4,57,3,0.79,0.53,94,6,4,48,0.51,-,10
2007/2008,A1,Regular_Season,2nd,8,3,0,9/3/2008,17:30,875,4889,C,Famila Chieri,Chieri,1,3,6,16,21,25,8,15,19,23,6,12,19,22,8,16,21,25,2,10,13,22,8,16,21,25,6,14,16,20,8,16,21,25,-,-,-,-,-,-,-,-,73,20,37,90,6,2,92,5,0.7,0.53,143,11,10,58,0.41,4,13
2007/2008,A1,Regular_Season,2nd,8,3,0,9/3/2008,17:30,875,4889,O,Despar Perugia,Perugia,3,1,8,15,19,23,6,16,21,25,8,16,21,25,6,12,19,22,8,16,21,25,2,10,13,22,8,16,21,25,6,14,16,20,-,-,-,-,-,-,-,-,76,28,45,97,5,3,84,4,0.67,0.51,135,9,13,63,0.47,-,10
2007/2008,A1,Regular_Season,2nd,8,4,0,9/3/2008,17:30,4346,8260,C,Yamamay Busto Arsizio,Busto Arsizio Uyba,1,3,5,15,19,23,8,16,21,25,7,16,20,25,8,13,21,23,7,9,9,11,8,16,21,25,5,14,19,23,8,16,21,25,-,-,-,-,-,-,-,-,57,20,26,83,5,1,86,5,0.6,0.37,129,10,11,45,0.35,-,11
2007/2008,A1,Regular_Season,2nd,8,4,0,9/3/2008,17:30,4346,8260,O,Monte Schiavo Banca Marche Jesi,Jesi,3,1,8,16,21,25,5,15,19,23,8,13,21,23,7,16,20,25,8,16,21,25,7,9,9,11,8,16,21,25,5,14,19,23,-,-,-,-,-,-,-,-,83,37,46,100,11,4,78,2,0.72,0.44,145,11,11,68,0.47,2,11
2007/2008,A1,Regular_Season,2nd,8,5,0,8/3/2008,18:30,1258,4676,C,Unicom Starker Kerakoll Sassuolo,Sassuolo,1,3,8,16,21,26,6,12,18,28,8,16,21,25,6,13,17,18,4,10,14,16,8,16,21,25,8,13,18,20,6,16,21,25,-,-,-,-,-,-,-,-,65,18,28,87,4,1,89,8,0.78,0.57,130,8,15,54,0.42,2,10
2007/2008,A1,Regular_Season,2nd,8,5,0,8/3/2008,18:30,1258,4676,O,Foppapedretti Bergamo,Volley Bergamo,3,1,6,12,18,28,8,16,21,26,6,13,17,18,8,16,21,25,8,16,21,25,4,10,14,16,6,16,21,25,8,13,18,20,-,-,-,-,-,-,-,-,81,29,49,95,6,4,83,3,0.76,0.39,131,11,10,62,0.47,2,15
2007/2008,A1,Regular_Season,2nd,8,6,0,9/3/2008,17:30,446,1020,C,Minetti Infoplus Imola,Vicenza,0,3,6,16,20,22,8,15,21,25,6,10,15,18,8,16,21,25,6,14,19,22,8,16,21,25,-,-,-,-,-,-,-,-,-,-,-,-,-,-,-,-,52,15,26,63,6,2,69,7,0.62,0.51,90,6,6,40,0.44,1,10
2007/2008,A1,Regular_Season,2nd,8,6,0,9/3/2008,17:30,446,1020,O,Tena Santeramo,Santeramo,3,0,8,15,21,25,6,16,20,22,8,16,21,25,6,10,15,18,8,16,21,25,6,14,19,22,-,-,-,-,-,-,-,-,-,-,-,-,-,-,-,-,61,23,39,74,5,5,57,2,0.58,0.47,95,5,10,50,0.53,-,6
2007/2008,A1,Regular_Season,2nd,9,1,0,16/3/2008,17:30,746,1993,C,Monte Schiavo Banca Marche Jesi,Jesi,3,0,6,16,21,26,8,12,18,24,8,16,21,25,4,5,9,15,4,12,21,25,8,16,19,21,-,-,-,-,-,-,-,-,-,-,-,-,-,-,-,-,57,27,33,73,7,3,58,3,0.6,0.48,99,7,4,48,0.48,3,6
2007/2008,A1,Regular_Season,2nd,9,1,0,16/3/2008,17:30,746,1993,O,Lines Ecocapitanata Altamura,Altamura,0,3,8,12,18,24,6,16,21,26,4,5,9,15,8,16,21,25,8,16,19,21,4,12,21,25,-,-,-,-,-,-,-,-,-,-,-,-,-,-,-,-,41,15,16,62,4,1,66,5,0.48,0.33,95,8,6,36,0.38,2,4
2007/2008,A1,Regular_Season,2nd,9,2,0,16/3/2008,16:00,2545,17118,C,Foppapedretti Bergamo,Volley Bergamo,3,0,4,13,21,29,8,16,20,27,8,16,21,25,2,9,10,17,8,16,21,25,6,11,16,18,-,-,-,-,-,-,-,-,-,-,-,-,-,-,-,-,64,25,40,78,3,4,63,3,0.83,0.43,91,10,5,44,0.48,3,16
2007/2008,A1,Regular_Season,2nd,9,2,0,16/3/2008,16:00,2545,17118,O,Despar Perugia,Perugia,0,3,8,16,20,27,4,13,21,29,2,9,10,17,8,16,21,25,6,11,16,18,8,16,21,25,-,-,-,-,-,-,-,-,-,-,-,-,-,-,-,-,46,11,13,63,-,2,75,4,0.84,0.41,107,11,16,39,0.36,2,5
2007/2008,A1,Regular_Season,2nd,9,3,0,12/3/2008,20:30,992,4045,C,Tena Santeramo,Santeramo,0,3,5,9,15,18,8,16,21,25,8,11,20,23,6,16,21,25,5,12,18,22,8,16,21,25,-,-,-,-,-,-,-,-,-,-,-,-,-,-,-,-,55,18,23,65,5,4,70,2,0.77,0.64,116,9,14,44,0.38,2,7
2007/2008,A1,Regular_Season,2nd,9,3,0,12/3/2008,20:30,992,4045,O,Scavolini Pesaro,Pesaro,3,0,8,16,21,25,5,9,15,18,6,16,21,25,8,11,20,23,8,16,21,25,5,12,18,22,-,-,-,-,-,-,-,-,-,-,-,-,-,-,-,-,57,22,36,73,3,2,60,6,0.67,0.53,92,5,7,40,0.43,-,15
2007/2008,A1,Regular_Season,2nd,9,4,0,19/3/2008,20:30,1298,2294,C,Minetti Infoplus Imola,Vicenza,3,1,8,16,21,25,2,9,12,16,7,16,20,26,8,13,21,24,6,16,20,22,8,14,21,25,7,16,21,25,8,11,13,17,-,-,-,-,-,-,-,-,76,38,39,97,12,-,77,5,0.68,0.51,152,12,7,61,0.4,1,15
2007/2008,A1,Regular_Season,2nd,9,4,0,19/3/2008,20:30,1298,2294,O,Famila Chieri,Chieri,1,3,2,9,12,16,8,16,21,25,8,13,21,24,7,16,20,26,8,14,21,25,6,16,20,22,8,11,13,17,7,16,21,25,-,-,-,-,-,-,-,-,56,23,20,83,6,4,85,1,0.59,0.42,146,14,15,45,0.31,-,7
2007/2008,A1,Regular_Season,2nd,9,5,0,16/3/2008,17:30,2051,10693,C,Asystel Volley Novara,Novara Trecate,3,0,8,13,21,25,6,16,20,21,4,13,18,30,8,16,21,28,8,16,21,25,5,12,14,18,-,-,-,-,-,-,-,-,-,-,-,-,-,-,-,-,56,21,30,77,8,2,61,2,0.74,0.48,109,8,7,46,0.42,1,8
2007/2008,A1,Regular_Season,2nd,9,5,0,16/3/2008,17:30,2051,10693,O,Yamamay Busto Arsizio,Busto Arsizio Uyba,0,3,6,16,20,21,8,13,21,25,8,16,21,28,4,13,18,30,5,12,14,18,8,16,21,25,-,-,-,-,-,-,-,-,-,-,-,-,-,-,-,-,49,19,18,69,8,2,69,3,0.72,0.45,118,10,8,40,0.34,2,7
2007/2008,A1,Regular_Season,2nd,9,6,0,16/3/2008,17:30,1035,5373,C,Unicom Starker Kerakoll Sassuolo,Sassuolo,3,0,8,16,21,25,5,7,10,14,8,16,21,25,4,11,12,19,8,16,21,25,1,6,7,11,-,-,-,-,-,-,-,-,-,-,-,-,-,-,-,-,60,33,39,74,7,6,42,3,0.83,0.64,90,8,3,45,0.5,-,9
2007/2008,A1,Regular_Season,2nd,9,6,0,16/3/2008,17:30,1035,5373,O,Infotel Banca Forlì,Forlì (Ex Forlimpopoli),0,3,5,7,10,14,8,16,21,25,4,11,12,19,8,16,21,25,1,6,7,11,8,16,21,25,-,-,-,-,-,-,-,-,-,-,-,-,-,-,-,-,27,5,-4,45,3,2,67,9,0.73,0.54,88,9,9,22,0.25,1,3
2007/2008,A1,Regular_Season,2nd,10,1,0,22/3/2008,18:00,2093,2802,C,Lines Ecocapitanata Altamura,Altamura,3,1,8,16,21,27,5,13,18,25,7,16,20,25,8,14,21,23,6,12,15,20,8,16,21,25,4,16,17,25,8,15,21,23,-,-,-,-,-,-,-,-,70,26,28,95,7,4,91,2,0.77,0.6,142,17,16,50,0.35,-,16
2007/2008,A1,Regular_Season,2nd,10,1,0,22/3/2008,18:00,2093,2802,O,Tena Santeramo,Santeramo,1,3,5,13,18,25,8,16,21,27,8,14,21,23,7,16,20,25,8,16,21,25,6,12,15,20,8,15,21,23,4,16,17,25,-,-,-,-,-,-,-,-,69,24,25,97,6,2,88,5,0.81,0.74,140,16,16,51,0.36,1,16
2007/2008,A1,Regular_Season,2nd,10,2,0,22/3/2008,18:00,1083,2902,C,Scavolini Pesaro,Pesaro,3,2,5,15,21,24,8,16,20,26,8,16,19,22,7,15,21,25,8,16,21,25,7,13,19,21,8,14,21,25,6,16,19,22,5,10,12,15,3,8,9,11,86,24,63,110,5,3,97,7,0.75,0.4,130,4,7,67,0.52,-,16
2007/2008,A1,Regular_Season,2nd,10,2,0,22/3/2008,18:00,1083,2902,O,Monte Schiavo Banca Marche Jesi,Jesi,2,3,8,16,20,26,5,15,21,24,7,15,21,25,8,16,19,22,7,13,19,21,8,16,21,25,6,16,19,22,8,14,21,25,3,8,9,11,5,10,12,15,96,27,53,106,9,7,105,3,0.7,0.49,157,15,16,82,0.52,-,7
2007/2008,A1,Regular_Season,2nd,10,3,0,22/3/2008,18:00,2187,13754,C,Foppapedretti Bergamo,Volley Bergamo,3,2,8,16,21,25,3,9,12,15,7,12,15,19,8,16,21,25,8,16,21,25,6,12,17,23,5,15,21,26,8,16,18,28,5,10,12,15,3,6,8,11,88,30,54,110,9,6,95,3,0.74,0.34,154,11,11,65,0.42,-,17
2007/2008,A1,Regular_Season,2nd,10,3,0,22/3/2008,18:00,2187,13754,O,Asystel Volley Novara,Novara Trecate,2,3,3,9,12,15,8,16,21,25,8,16,21,25,7,12,15,19,6,12,17,23,8,16,21,25,8,16,18,28,5,15,21,26,3,6,8,11,5,10,12,15,80,21,35,102,7,2,101,8,0.72,0.32,152,12,17,67,0.44,1,11
2007/2008,A1,Regular_Season,2nd,10,4,0,22/3/2008,18:00,2118,7747,C,Despar Perugia,Perugia,3,0,8,16,21,25,4,12,16,20,8,16,21,25,6,14,18,21,8,16,21,25,5,10,15,16,-,-,-,-,-,-,-,-,-,-,-,-,-,-,-,-,55,21,39,74,2,4,48,5,0.79,0.63,76,5,4,45,0.59,-,6
2007/2008,A1,Regular_Season,2nd,10,4,0,22/3/2008,18:00,2118,7747,O,Minetti Infoplus Imola,Vicenza,0,3,4,12,16,20,8,16,21,25,6,14,18,21,8,16,21,25,5,10,15,16,8,16,21,25,-,-,-,-,-,-,-,-,-,-,-,-,-,-,-,-,48,8,20,58,10,5,72,4,0.76,0.56,89,6,6,39,0.44,2,4
2007/2008,A1,Regular_Season,2nd,10,5,0,22/3/2008,18:00,350,505,C,Infotel Banca Forlì,Forlì (Ex Forlimpopoli),0,3,5,8,13,15,8,16,21,25,3,14,17,18,8,16,21,25,8,11,15,17,5,16,21,25,-,-,-,-,-,-,-,-,-,-,-,-,-,-,-,-,38,12,10,51,5,2,68,7,0.76,0.47,118,7,9,32,0.27,-,4
2007/2008,A1,Regular_Season,2nd,10,5,0,22/3/2008,18:00,350,505,O,Yamamay Busto Arsizio,Busto Arsizio Uyba,3,0,8,16,21,25,5,8,13,15,8,16,21,25,3,14,17,18,5,16,21,25,8,11,15,17,-,-,-,-,-,-,-,-,-,-,-,-,-,-,-,-,60,34,42,74,6,5,46,3,0.78,0.61,116,5,4,46,0.4,-,9
2007/2008,A1,Regular_Season,2nd,10,6,0,22/3/2008,18:00,747,3719,C,Famila Chieri,Chieri,2,3,6,12,16,18,8,16,21,25,5,9,12,16,8,16,21,25,6,13,21,25,8,16,20,21,7,16,21,25,8,14,19,23,2,5,9,10,5,10,12,15,63,21,17,94,6,3,95,8,0.64,0.46,136,16,16,45,0.33,-,15
2007/2008,A1,Regular_Season,2nd,10,6,0,22/3/2008,18:00,747,3719,O,Unicom Starker Kerakoll Sassuolo,Sassuolo,3,2,8,16,21,25,6,12,16,18,8,16,21,25,5,9,12,16,8,16,20,21,6,13,21,25,8,14,19,23,7,16,21,25,5,10,12,15,2,5,9,10,85,35,36,109,14,6,88,4,0.72,0.55,147,15,15,63,0.43,1,16
2007/2008,A1,Regular_Season,2nd,11,1,0,1/4/2008,20:30,1060,4248,C,Asystel Volley Novara,Novara Trecate,2,3,8,16,21,25,3,6,15,23,7,16,21,23,8,14,20,25,4,16,20,25,8,15,21,23,8,16,19,21,6,14,21,25,5,8,10,11,3,10,12,15,84,34,38,105,11,7,107,6,0.65,0.41,177,9,19,67,0.38,1,10
2007/2008,A1,Regular_Season,2nd,11,1,0,1/4/2008,20:30,1060,4248,O,Scavolini Pesaro,Pesaro,3,2,3,6,15,23,8,16,21,25,8,14,20,25,7,16,21,23,8,15,21,23,4,16,20,25,6,14,21,25,8,16,19,21,3,10,12,15,5,8,10,11,87,42,46,111,4,4,94,10,0.7,0.46,172,15,10,64,0.37,2,19
2007/2008,A1,Regular_Season,2nd,11,2,0,6/4/2008,18:00,1431,3317,C,Minetti Infoplus Imola,Vicenza,3,1,8,16,21,25,6,11,12,19,8,14,18,28,6,16,21,26,5,12,14,20,8,16,21,25,8,16,21,25,3,10,15,17,-,-,-,-,-,-,-,-,83,33,50,97,13,6,85,2,0.61,0.47,159,10,7,70,0.44,1,7
2007/2008,A1,Regular_Season,2nd,11,2,0,6/4/2008,18:00,1431,3317,O,Lines Ecocapitanata Altamura,Altamura,1,3,6,11,12,19,8,16,21,25,6,16,21,26,8,14,18,28,8,16,21,25,5,12,14,20,3,10,15,17,8,16,21,25,-,-,-,-,-,-,-,-,58,21,29,87,3,2,84,8,0.46,0.38,144,10,7,49,0.34,1,7
2007/2008,A1,Regular_Season,2nd,11,3,0,6/4/2008,18:00,881,3960,C,Tena Santeramo,Santeramo,3,1,7,16,21,25,8,9,11,19,8,16,21,25,3,11,15,21,4,14,20,23,8,16,21,25,6,13,20,27,8,16,21,25,-,-,-,-,-,-,-,-,74,27,41,99,6,5,82,-,0.82,0.63,156,11,14,62,0.4,2,7
2007/2008,A1,Regular_Season,2nd,11,3,0,6/4/2008,18:00,881,3960,O,Famila Chieri,Chieri,1,3,8,9,11,19,7,16,21,25,3,11,15,21,8,16,21,25,8,16,21,25,4,14,20,23,8,16,21,25,6,13,20,27,-,-,-,-,-,-,-,-,69,24,34,91,9,-,93,6,0.73,0.53,140,13,7,55,0.39,-,14
2007/2008,A1,Regular_Season,2nd,11,4,0,6/4/2008,16:00,5112,9671,C,Yamamay Busto Arsizio,Busto Arsizio Uyba,0,3,3,14,18,21,8,16,21,25,8,9,14,18,6,16,21,25,2,6,10,12,8,16,21,25,-,-,-,-,-,-,-,-,-,-,-,-,-,-,-,-,35,11,11,54,4,1,67,5,0.67,0.33,88,6,8,29,0.33,1,5
2007/2008,A1,Regular_Season,2nd,11,4,0,6/4/2008,16:00,5112,9671,O,Foppapedretti Bergamo,Volley Bergamo,3,0,8,16,21,25,3,14,18,21,6,16,21,25,8,9,14,18,8,16,21,25,2,6,10,12,-,-,-,-,-,-,-,-,-,-,-,-,-,-,-,-,64,31,42,72,5,4,50,1,0.82,0.46,92,8,5,52,0.57,3,8
2007/2008,A1,Regular_Season,2nd,11,5,0,6/4/2008,18:00,786,1440,C,Monte Schiavo Banca Marche Jesi,Jesi,3,0,8,16,21,25,0,3,4,6,5,16,21,25,8,11,14,19,8,16,21,25,4,8,16,16,-,-,-,-,-,-,-,-,-,-,-,-,-,-,-,-,55,32,39,73,2,6,37,3,0.73,0.38,76,7,3,41,0.54,1,8
2007/2008,A1,Regular_Season,2nd,11,5,0,6/4/2008,18:00,786,1440,O,Infotel Banca Forlì,Forlì (Ex Forlimpopoli),0,3,0,3,4,6,8,16,21,25,8,11,14,19,5,16,21,25,4,8,16,16,8,16,21,25,-,-,-,-,-,-,-,-,-,-,-,-,-,-,-,-,27,8,-7,43,6,2,71,6,0.68,0.34,84,13,8,22,0.26,1,3
2007/2008,A1,Regular_Season,2nd,11,6,0,31/3/2008,20:30,716,2605,C,Unicom Starker Kerakoll Sassuolo,Sassuolo,2,3,5,16,16,23,8,20,21,25,8,15,20,26,7,16,21,24,6,14,16,17,8,16,21,25,8,16,21,25,7,11,17,21,2,8,9,11,5,10,12,15,79,21,36,103,6,4,103,4,0.9,0.56,169,17,13,59,0.35,3,16
2007/2008,A1,Regular_Season,2nd,11,6,0,31/3/2008,20:30,716,2605,O,Despar Perugia,Perugia,3,2,8,20,21,25,5,16,16,23,7,16,21,24,8,15,20,26,8,16,21,25,6,14,16,17,7,11,17,21,8,16,21,25,5,10,12,15,2,8,9,11,82,27,40,109,6,3,97,5,0.78,0.43,154,15,16,66,0.43,-,13
2007/2008,A1,Supercoppa,Final,1,1,1,4/10/2007,20:30,-,-,C,Despar Perugia,Perugia,3,0,8,16,21,25,7,11,16,21,5,16,21,25,8,15,17,21,8,16,21,25,7,9,11,14,-,-,-,-,-,-,-,-,-,-,-,-,-,-,-,-,52,26,29,73,7,2,45,2,0.8,0.58,91,3,7,40,0.44,4,11
2007/2008,A1,Supercoppa,Final,1,1,1,4/10/2007,20:30,-,-,O,Monte Schiavo Banca Marche Jesi,Jesi,0,3,7,11,16,21,8,16,21,25,8,15,17,21,5,16,21,25,7,9,11,14,8,16,21,25,-,-,-,-,-,-,-,-,-,-,-,-,-,-,-,-,34,9,-2,51,5,1,62,5,0.74,0.58,94,11,11,28,0.3,4,7
2007/2008,A1,Coppa_Italia,Quarter,1,1,3143,28/3/2008,15:00,-,-,C,Scavolini Pesaro,Pesaro,3,0,8,16,21,25,4,10,15,15,7,15,21,25,8,16,19,19,8,16,21,25,6,13,16,18,-,-,-,-,-,-,-,-,-,-,-,-,-,-,-,-,60,27,39,73,6,3,51,1,0.84,0.51,97,8,4,45,0.46,2,12
2007/2008,A1,Coppa_Italia,Quarter,1,1,3143,28/3/2008,15:00,-,-,O,Unicom Starker Kerakoll Sassuolo,Sassuolo,0,3,4,10,15,15,8,16,21,25,8,16,19,19,7,15,21,25,6,13,16,18,8,16,21,25,-,-,-,-,-,-,-,-,-,-,-,-,-,-,-,-,35,8,6,54,3,1,67,3,0.67,0.45,98,10,12,30,0.31,1,4
2007/2008,A1,Coppa_Italia,Quarter,1,2,3144,28/3/2008,12:30,-,-,C,Asystel Volley Novara,Novara Trecate,2,3,8,16,21,25,6,13,17,21,8,15,18,20,3,16,21,25,8,16,21,25,6,15,18,19,8,16,20,24,4,14,21,26,5,7,7,8,3,10,12,15,77,35,25,102,10,3,93,7,0.78,0.41,159,18,16,60,0.38,1,14
2007/2008,A1,Coppa_Italia,Quarter,1,2,3144,28/3/2008,12:30,-,-,O,Yamamay Busto Arsizio,Busto Arsizio Uyba,3,2,6,13,17,21,8,16,21,25,3,16,21,25,8,15,18,20,6,15,18,19,8,16,21,25,4,14,21,26,8,16,20,24,3,10,12,15,5,7,7,8,77,30,38,106,13,7,92,3,0.76,0.48,141,8,14,54,0.38,1,16
2007/2008,A1,Coppa_Italia,Quarter,1,3,3146,28/3/2008,21:00,-,-,C,Colussi Perugia,Perugia,0,3,3,8,13,15,8,16,21,25,8,13,18,23,6,16,21,25,8,16,19,22,4,14,21,25,-,-,-,-,-,-,-,-,-,-,-,-,-,-,-,-,44,12,19,62,4,2,66,1,0.8,0.42,86,9,10,36,0.42,1,6
2007/2008,A1,Coppa_Italia,Quarter,1,3,3146,28/3/2008,21:00,-,-,O,Monte Schiavo Banca Marche Jesi,Jesi,3,0,8,16,21,25,3,8,13,15,6,16,21,25,8,13,18,23,4,14,21,25,8,16,19,22,-,-,-,-,-,-,-,-,-,-,-,-,-,-,-,-,60,21,37,73,7,1,58,4,0.86,0.59,86,5,6,49,0.57,1,10
2007/2008,A1,Coppa_Italia,Semifinal,1,1,3147,29/3/2008,16:15,-,-,C,Yamamay Busto Arsizio,Busto Arsizio Uyba,0,3,8,13,14,17,6,16,21,25,6,10,13,15,8,16,21,25,4,7,8,10,8,16,21,25,-,-,-,-,-,-,-,-,-,-,-,-,-,-,-,-,34,11,-1,44,6,4,70,11,0.7,0.23,85,7,10,27,0.32,1,3
2007/2008,A1,Coppa_Italia,Semifinal,1,1,3147,29/3/2008,16:15,-,-,O,Scavolini Pesaro,Pesaro,3,0,6,16,21,25,8,13,14,17,8,16,21,25,6,10,13,15,8,16,21,25,4,7,8,10,-,-,-,-,-,-,-,-,-,-,-,-,-,-,-,-,58,35,43,73,3,8,38,5,0.68,0.37,68,4,3,40,0.59,-,10
2007/2008,A1,Coppa_Italia,Semifinal,1,2,3148,29/3/2008,18:30,2000,-,C,Foppapedretti Bergamo,Volley Bergamo,3,2,6,13,19,22,8,16,21,25,8,16,21,25,6,11,12,14,8,15,19,30,6,16,21,28,4,12,16,20,8,16,21,25,2,10,12,17,5,8,9,15,93,37,59,114,7,3,98,5,0.73,0.29,154,10,11,73,0.47,1,17
2007/2008,A1,Coppa_Italia,Semifinal,1,2,3148,29/3/2008,18:30,2000,-,O,Monte Schiavo Banca Marche Jesi,Jesi,2,3,8,16,21,25,6,13,19,22,6,11,12,14,8,16,21,25,6,16,21,28,8,15,19,30,8,16,21,25,4,12,16,20,5,8,9,15,2,10,12,17,88,30,47,107,9,4,107,3,0.81,0.41,164,11,17,73,0.45,1,11
2007/2008,A1,Coppa_Italia,Final,1,1,3149,30/3/2008,17:00,3200,-,C,Scavolini Pesaro,Pesaro,2,3,8,16,21,25,7,15,18,22,4,12,16,22,8,16,21,25,7,16,21,25,8,10,15,19,8,16,21,27,7,15,20,29,4,9,12,16,5,10,10,18,93,37,48,115,11,3,106,8,0.82,0.57,155,14,11,67,0.43,1,23
2007/2008,A1,Coppa_Italia,Final,1,1,3149,30/3/2008,17:00,3200,-,O,Foppapedretti Bergamo,Volley Bergamo,3,2,7,15,18,22,8,16,21,25,8,16,21,25,4,12,16,22,8,10,15,19,7,16,21,25,7,15,20,29,8,16,21,27,5,10,10,18,4,9,12,16,86,31,39,112,7,2,104,4,0.8,0.56,179,13,23,73,0.41,-,11
2007/2008,A1,Coppa_Italia,8th,1,1,3150,16/1/2008,20:30,-,-,C,Minetti Infoplus Imola,Vicenza,0,3,2,11,15,18,8,16,21,25,6,14,18,21,8,16,21,25,3,13,15,19,8,16,21,25,-,-,-,-,-,-,-,-,-,-,-,-,-,-,-,-,37,13,10,59,6,4,65,3,0.69,0.52,91,8,10,25,0.27,-,8
2007/2008,A1,Coppa_Italia,8th,1,1,3150,16/1/2008,20:30,-,-,O,Monte Schiavo Banca Marche Jesi,Jesi,3,0,8,16,21,25,2,11,15,18,8,16,21,25,6,14,18,21,8,16,21,25,3,13,15,19,-,-,-,-,-,-,-,-,-,-,-,-,-,-,-,-,57,25,27,74,9,2,53,4,0.49,0.4,94,8,8,45,0.48,1,10
2007/2008,A1,Coppa_Italia,8th,1,2,3151,16/1/2008,20:30,400,500,C,Europea 92 Virgin Radio Milano,Milano,2,3,0,0,0,25,0,0,0,17,-,-,-,18,-,-,-,25,-,-,-,19,-,-,-,25,-,-,-,25,-,-,-,14,-,-,-,11,-,-,-,15,70,70,70,-,-,-,-,-,-,-,-,-,-,-,-,-,-
2007/2008,A1,Coppa_Italia,8th,1,2,3151,16/1/2008,20:30,400,500,O,Yamamay Busto Arsizio,Busto Arsizio Uyba,3,2,0,0,0,17,0,0,0,25,-,-,-,25,-,-,-,18,-,-,-,25,-,-,-,19,-,-,-,14,-,-,-,25,-,-,-,15,-,-,-,11,71,71,71,-,-,-,-,-,-,-,-,-,-,-,-,-,-
2007/2008,A1,Coppa_Italia,8th,1,3,3152,16/1/2008,20:30,569,1890,C,Unicom Starker Kerakoll Sassuolo,Sassuolo,2,3,6,12,19,23,8,16,21,25,8,16,21,25,3,15,19,22,4,10,18,28,8,16,21,26,6,13,17,23,8,16,21,25,2,5,7,11,5,10,12,15,91,27,41,110,13,7,110,6,0.75,0.54,180,15,16,70,0.39,-,14
2007/2008,A1,Coppa_Italia,8th,1,3,3152,16/1/2008,20:30,569,1890,O,Tena Santeramo,Santeramo,3,2,8,16,21,25,6,12,19,23,3,15,19,22,8,16,21,25,8,16,21,26,4,10,18,28,8,16,21,25,6,13,17,23,5,10,12,15,2,5,7,11,85,30,50,112,2,6,97,8,0.72,0.44,152,11,14,63,0.41,-,16
2007/2008,A1,Coppa_Italia,8th,1,4,3153,16/1/2008,20:30,709,2909,C,Famila Chieri,Chieri,3,0,8,16,21,25,6,14,18,23,8,16,21,25,7,13,18,18,8,16,21,25,4,15,16,18,-,-,-,-,-,-,-,-,-,-,-,-,-,-,-,-,58,21,41,73,3,1,60,-,0.8,0.48,103,9,4,49,0.48,1,8
2007/2008,A1,Coppa_Italia,8th,1,4,3153,16/1/2008,20:30,709,2909,O,Lines Ecocapitanata Altamura,Altamura,0,3,6,14,18,23,8,16,21,25,7,13,18,18,8,16,21,25,4,15,16,18,8,16,21,25,-,-,-,-,-,-,-,-,-,-,-,-,-,-,-,-,45,14,17,61,1,-,70,3,0.7,0.41,109,13,8,41,0.38,3,4
2007/2008,A1,Coppa_Italia,8th,2,1,3154,19/1/2008,20:30,301,760,C,Monte Schiavo Banca Marche Jesi,Jesi,3,0,6,16,21,25,8,14,15,18,6,16,21,25,8,13,16,20,8,16,21,25,4,12,17,20,-,-,-,-,-,-,-,-,-,-,-,-,-,-,-,-,49,26,25,73,5,2,52,1,0.75,0.52,96,12,6,37,0.39,-,10
2007/2008,A1,Coppa_Italia,8th,2,1,3154,19/1/2008,20:30,301,760,O,Minetti Infoplus Imola,Vicenza,0,3,8,14,15,18,6,16,21,25,8,13,16,20,6,16,21,25,4,12,17,20,8,16,21,25,-,-,-,-,-,-,-,-,-,-,-,-,-,-,-,-,41,13,3,61,9,1,68,3,0.78,0.51,118,16,10,34,0.29,-,6
2007/2008,A1,Coppa_Italia,8th,2,2,3155,20/1/2008,17:30,1891,3200,C,Yamamay Busto Arsizio,Busto Arsizio Uyba,3,0,8,16,21,25,4,12,16,22,8,16,21,25,6,11,13,14,8,16,21,25,6,11,12,13,-,-,-,-,-,-,-,-,-,-,-,-,-,-,-,-,58,28,37,74,6,3,45,-,0.73,0.49,126,9,6,48,0.38,-,7
2007/2008,A1,Coppa_Italia,8th,2,2,3155,20/1/2008,17:30,1891,3200,O,Europea 92 Virgin Radio Milano,Milano,0,3,4,12,16,22,8,16,21,25,6,11,13,14,8,16,21,25,6,11,12,13,8,16,21,25,-,-,-,-,-,-,-,-,-,-,-,-,-,-,-,-,34,7,6,50,5,-,68,5,0.5,0.13,104,11,7,28,0.27,-,6
2007/2008,A1,Coppa_Italia,8th,2,3,3156,20/1/2008,17:30,-,700,C,Tena Santeramo,Santeramo,2,3,6,16,21,25,8,15,18,23,8,16,21,25,6,11,18,23,5,10,13,17,8,16,21,25,5,16,18,21,8,15,21,25,2,4,0,9,5,10,0,15,76,27,29,100,8,3,98,8,0.79,0.64,155,13,16,64,0.41,2,9
2007/2008,A1,Coppa_Italia,8th,2,3,3156,20/1/2008,17:30,-,700,O,Unicom Starker Kerakoll Sassuolo,Sassuolo,3,2,8,15,18,23,6,16,21,25,6,11,18,23,8,16,21,25,8,16,21,25,5,10,13,17,8,15,21,25,5,16,18,21,5,10,0,15,2,4,0,9,86,36,52,110,11,7,92,4,0.7,0.51,155,10,9,63,0.41,-,16
2007/2008,A1,Coppa_Italia,8th,2,4,3157,20/1/2008,17:30,1064,594,C,Lines Ecocapitanata Altamura,Altamura,2,3,8,15,17,18,7,16,21,25,8,11,15,18,6,16,21,25,7,15,21,25,8,16,19,21,8,16,21,25,4,15,16,20,3,8,8,13,5,10,12,15,76,31,33,100,6,3,101,4,0.66,0.54,135,14,19,59,0.44,-,14
2007/2008,A1,Coppa_Italia,8th,2,4,3157,20/1/2008,17:30,1064,594,O,Famila Chieri,Chieri,3,2,7,16,21,25,8,15,17,18,6,16,21,25,8,11,15,18,8,16,19,21,7,15,21,25,4,15,16,20,8,16,21,25,5,10,12,15,3,8,8,13,83,35,46,105,4,3,94,5,0.66,0.4,134,11,14,61,0.46,3,19
2007/2008,A1,Coppa_Italia,Quarter,1,4,3158,28/3/2008,18:45,-,-,C,Foppapedretti Bergamo,Volley Bergamo,3,0,8,16,21,25,6,12,16,20,6,16,21,25,8,14,16,17,8,16,21,25,6,8,11,12,-,-,-,-,-,-,-,-,-,-,-,-,-,-,-,-,62,31,41,74,7,4,47,2,0.83,0.49,91,3,9,48,0.53,-,10
2007/2008,A1,Coppa_Italia,Quarter,1,4,3158,28/3/2008,18:45,-,-,O,Famila Chieri,Chieri,0,3,6,12,16,20,8,16,21,25,8,14,16,17,6,16,21,25,6,8,11,12,8,16,21,25,-,-,-,-,-,-,-,-,-,-,-,-,-,-,-,-,39,13,12,50,3,1,67,7,0.78,0.45,83,6,10,29,0.35,1,9
2007/2008,A1,Play_Off,Quarter,2,1,3159,12/4/2008,16:30,1010,3170,C,Scavolini Pesaro,Pesaro,3,2,8,16,18,20,5,15,21,25,8,16,21,28,3,9,18,26,5,8,12,17,8,16,21,25,6,12,21,25,8,16,20,23,3,8,12,18,5,10,11,16,84,27,46,107,8,5,110,5,0.61,0.46,169,15,10,58,0.34,-,21
2007/2008,A1,Play_Off,Quarter,2,1,3159,12/4/2008,16:30,1010,3170,O,Unicom Starker Kerakoll Sassuolo,Sassuolo,2,3,5,15,21,25,8,16,18,20,3,9,18,26,8,16,21,28,8,16,21,25,5,8,12,17,8,16,20,23,6,12,21,25,5,10,11,16,3,8,12,18,92,36,42,116,6,5,99,5,0.59,0.44,181,18,21,77,0.43,-,10
2007/2008,A1,Play_Off,Quarter,2,2,3160,12/4/2008,15:30,1492,4679,C,Asystel Volley Novara,Novara Trecate,3,0,8,16,21,28,5,14,19,26,8,16,21,25,7,11,16,19,8,16,21,25,3,9,15,16,-,-,-,-,-,-,-,-,-,-,-,-,-,-,-,-,52,22,31,77,4,3,50,2,0.8,0.44,77,8,4,37,0.48,3,12
2007/2008,A1,Play_Off,Quarter,2,2,3160,12/4/2008,15:30,1492,4679,O,Monte Schiavo Banca Marche Jesi,Jesi,0,3,5,14,19,26,8,16,21,28,7,11,16,19,8,16,21,25,3,9,15,16,8,16,21,25,-,-,-,-,-,-,-,-,-,-,-,-,-,-,-,-,46,11,9,62,12,-,73,3,0.68,0.44,94,10,12,42,0.45,-,4
2007/2008,A1,Play_Off,Quarter,2,3,3161,12/4/2008,20:30,1297,7232,C,Foppapedretti Bergamo,Volley Bergamo,3,0,8,16,21,25,5,8,11,12,8,16,21,25,6,11,18,21,8,16,21,25,4,4,7,9,-,-,-,-,-,-,-,-,-,-,-,-,-,-,-,-,59,32,40,74,4,-,40,2,0.85,0.5,90,7,6,49,0.54,-,10
2007/2008,A1,Play_Off,Quarter,2,3,3161,12/4/2008,20:30,1297,7232,O,Tena Santeramo,Santeramo,0,3,5,8,11,12,8,16,21,25,6,11,18,21,8,16,21,25,4,4,7,9,8,16,21,25,-,-,-,-,-,-,-,-,-,-,-,-,-,-,-,-,31,7,7,43,3,-,70,-,0.76,0.36,101,11,10,25,0.25,-,6
2007/2008,A1,Play_Off,Quarter,2,4,3162,12/4/2008,20:30,1600,-,C,Despar Perugia,Perugia,3,0,8,16,21,25,7,15,17,19,8,16,21,25,3,11,17,19,8,10,21,29,7,16,20,27,-,-,-,-,-,-,-,-,-,-,-,-,-,-,-,-,59,23,32,77,6,4,60,1,0.82,0.58,106,7,11,46,0.43,2,9
2007/2008,A1,Play_Off,Quarter,2,4,3162,12/4/2008,20:30,1600,-,O,Yamamay Busto Arsizio,Busto Arsizio Uyba,0,3,7,15,17,19,8,16,21,25,3,11,17,19,8,16,21,25,7,16,20,27,8,10,21,29,-,-,-,-,-,-,-,-,-,-,-,-,-,-,-,-,49,18,18,66,6,-,71,4,0.75,0.48,108,11,9,38,0.35,1,11
2007/2008,A1,Play_Off,Quarter,1,1,3163,9/4/2008,20:30,787,2990,C,Unicom Starker Kerakoll Sassuolo,Sassuolo,1,3,8,16,18,19,6,19,21,25,7,14,21,23,8,16,20,25,8,16,21,25,6,12,15,21,8,15,17,22,6,16,21,25,-,-,-,-,-,-,-,-,66,18,24,90,10,4,89,5,0.81,0.48,141,13,14,56,0.4,-,6
2007/2008,A1,Play_Off,Quarter,1,1,3163,9/4/2008,20:30,787,2990,O,Scavolini Pesaro,Pesaro,3,1,6,19,21,25,8,16,18,19,8,16,20,25,7,14,21,23,6,12,15,21,8,16,21,25,6,16,21,25,8,15,17,22,-,-,-,-,-,-,-,-,72,27,39,95,6,4,80,5,0.71,0.34,128,14,6,54,0.42,2,14
2007/2008,A1,Play_Off,Quarter,1,2,3164,10/4/2008,21:00,1238,3367,C,Monte Schiavo Banca Marche Jesi,Jesi,3,1,8,16,21,25,5,11,18,22,8,13,17,21,7,16,21,25,8,16,21,25,6,10,15,18,8,16,21,25,1,7,13,19,-,-,-,-,-,-,-,-,75,29,41,95,12,1,76,4,0.79,0.54,122,10,8,68,0.56,-,6
2007/2008,A1,Play_Off,Quarter,1,2,3164,10/4/2008,21:00,1238,3367,O,Asystel Volley Novara,Novara Trecate,1,3,5,11,18,22,8,16,21,25,7,16,21,25,8,13,17,21,6,10,15,18,8,16,21,25,1,7,13,19,8,16,21,25,-,-,-,-,-,-,-,-,60,19,30,85,9,3,83,4,0.67,0.39,110,10,6,49,0.45,1,8
2007/2008,A1,Play_Off,Quarter,1,3,3165,10/4/2008,20:30,1200,2200,C,Tena Santeramo,Santeramo,0,3,8,14,15,15,6,16,21,25,6,10,13,14,8,16,21,25,7,11,13,17,8,16,21,25,-,-,-,-,-,-,-,-,-,-,-,-,-,-,-,-,33,10,6,48,5,4,67,4,0.76,0.72,92,7,10,26,0.28,1,3
2007/2008,A1,Play_Off,Quarter,1,3,3165,10/4/2008,20:30,1200,2200,O,Foppapedretti Bergamo,Volley Bergamo,3,0,6,16,21,25,8,14,15,15,8,16,21,25,6,10,13,14,8,16,21,25,7,11,13,17,-,-,-,-,-,-,-,-,-,-,-,-,-,-,-,-,61,32,42,73,6,4,43,4,0.77,0.58,91,5,3,47,0.52,1,10
2007/2008,A1,Play_Off,Quarter,1,4,3166,10/4/2008,20:30,624,2397,C,Yamamay Busto Arsizio,Busto Arsizio Uyba,2,3,5,7,12,17,8,16,21,25,8,16,21,25,3,15,19,23,3,13,19,26,8,16,21,28,8,13,21,25,7,16,20,22,1,10,12,15,5,9,11,17,87,29,46,109,12,4,112,5,0.72,0.48,171,10,14,71,0.42,-,13
2007/2008,A1,Play_Off,Quarter,1,4,3166,10/4/2008,20:30,624,2397,O,Despar Perugia,Perugia,3,2,8,16,21,25,5,7,12,17,3,15,19,23,8,16,21,25,8,16,21,28,3,13,19,26,7,16,20,22,8,13,21,25,5,9,11,17,1,10,12,15,92,37,55,114,2,4,97,5,0.71,0.41,165,14,13,74,0.45,3,14
2007/2008,A1,Play_Off,Quarter,3,1,3167,14/4/2008,21:00,1532,5241,C,Asystel Volley Novara,Novara Trecate,3,1,8,16,21,25,5,12,18,22,8,16,21,25,6,13,15,20,6,12,20,26,8,16,21,28,8,16,21,25,6,12,14,16,-,-,-,-,-,-,-,-,82,34,47,100,8,4,80,-,0.78,0.56,127,10,16,64,0.5,1,14
2007/2008,A1,Play_Off,Quarter,3,1,3167,14/4/2008,21:00,1532,5241,O,Monte Schiavo Banca Marche Jesi,Jesi,1,3,5,12,18,22,8,16,21,25,6,13,15,20,8,16,21,25,8,16,21,28,6,12,20,26,6,12,14,16,8,16,21,25,-,-,-,-,-,-,-,-,66,25,26,87,7,-,92,7,0.74,0.48,126,8,14,50,0.4,4,16
2007/2008,A1,Play_Off,Semifinal,2,1,3169,19/4/2008,18:30,1903,8722,C,Scavolini Pesaro,Pesaro,3,1,7,16,21,25,8,14,19,22,5,15,21,25,8,16,18,19,7,15,21,24,8,16,20,26,8,16,21,25,3,12,19,22,-,-,-,-,-,-,-,-,71,25,39,98,5,2,82,4,0.66,0.52,141,13,10,54,0.38,-,15
2007/2008,A1,Play_Off,Semifinal,2,1,3169,19/4/2008,18:30,1903,8722,O,Asystel Volley Novara,Novara Trecate,1,3,8,14,19,22,7,16,21,25,8,16,18,19,5,15,21,25,8,16,20,26,7,15,21,24,3,12,19,22,8,16,21,25,-,-,-,-,-,-,-,-,71,19,26,90,8,4,93,2,0.66,0.52,164,20,15,57,0.35,-,10
2007/2008,A1,Play_Off,Semifinal,2,2,3170,18/4/2008,20:30,1905,13006,C,Foppapedretti Bergamo,Volley Bergamo,3,0,8,16,21,25,5,9,12,15,3,16,21,25,8,13,15,17,7,16,21,25,8,15,18,19,-,-,-,-,-,-,-,-,-,-,-,-,-,-,-,-,61,31,38,73,5,4,48,3,0.79,0.48,100,10,3,43,0.43,2,14
2007/2008,A1,Play_Off,Semifinal,2,2,3170,18/4/2008,20:30,1905,13006,O,Despar Perugia,Perugia,0,3,5,9,12,15,8,16,21,25,8,13,15,17,3,16,21,25,8,15,18,19,7,16,21,25,-,-,-,-,-,-,-,-,-,-,-,-,-,-,-,-,34,10,4,52,4,-,68,5,0.72,0.31,99,7,14,31,0.31,-,3
2007/2008,A1,Play_Off,Semifinal,1,1,3171,17/4/2008,20:30,2331,6444,C,Asystel Volley Novara,Novara Trecate,1,3,4,16,21,25,8,13,19,23,4,9,12,13,8,16,21,25,8,16,19,21,6,13,21,25,4,6,13,14,8,16,21,25,-,-,-,-,-,-,-,-,59,17,16,74,7,2,93,3,0.76,0.54,132,12,17,47,0.36,4,10
2007/2008,A1,Play_Off,Semifinal,1,1,3171,17/4/2008,20:30,2331,6444,O,Scavolini Pesaro,Pesaro,3,1,8,13,19,23,4,16,21,25,8,16,21,25,4,9,12,13,6,13,21,25,8,16,19,21,8,16,21,25,4,6,13,14,-,-,-,-,-,-,-,-,72,34,45,97,4,2,67,3,0.78,0.58,125,9,10,53,0.42,1,17
2007/2008,A1,Play_Off,Semifinal,1,2,3172,16/4/2008,21:00,2008,7578,C,Despar Perugia,Perugia,3,2,8,16,21,25,7,13,17,22,4,10,15,19,8,16,21,25,8,13,19,25,5,16,21,27,8,16,21,25,7,10,16,22,2,7,9,17,5,10,12,15,82,27,39,110,7,2,102,8,0.78,0.56,176,12,15,73,0.41,1,7
2007/2008,A1,Play_Off,Semifinal,1,2,3172,16/4/2008,21:00,2008,7578,O,Foppapedretti Bergamo,Volley Bergamo,2,3,7,13,17,22,8,16,21,25,8,16,21,25,4,10,15,19,5,16,21,27,8,13,19,25,7,10,16,22,8,16,21,25,5,10,12,15,2,7,9,17,88,32,51,112,10,7,103,4,0.84,0.63,179,16,7,66,0.37,-,15
2007/2008,A1,Play_Off,Semifinal,3,1,3177,20/4/2008,18:00,2607,18808,C,Foppapedretti Bergamo,Volley Bergamo,2,3,8,16,21,25,5,13,18,21,2,13,16,18,8,16,21,25,7,16,21,26,8,10,13,24,3,8,9,15,8,16,21,25,5,10,11,12,4,8,12,15,79,25,41,97,4,4,103,3,0.78,0.38,159,11,17,66,0.42,3,9
2007/2008,A1,Play_Off,Semifinal,3,1,3177,20/4/2008,18:00,2607,18808,O,Despar Perugia,Perugia,3,2,5,13,18,21,8,16,21,25,8,16,21,25,2,13,16,18,8,10,13,24,7,16,21,26,8,16,21,25,3,8,9,15,4,8,12,15,5,10,11,12,91,38,60,109,6,2,93,5,0.81,0.32,149,10,9,72,0.48,1,17
2007/2008,A1,Play_Off,Final,1,1,3178,24/4/2008,21:00,2879,19981,C,Scavolini Pesaro,Pesaro,3,1,8,16,21,21,7,13,20,25,5,16,21,25,8,14,15,21,8,16,21,25,2,10,13,16,4,16,21,25,8,14,18,23,-,-,-,-,-,-,-,-,79,32,52,95,10,3,79,5,0.7,0.42,117,9,3,59,0.5,-,17
2007/2008,A1,Play_Off,Final,1,1,3178,24/4/2008,21:00,2879,19981,O,Despar Perugia,Perugia,1,3,7,13,20,25,8,16,21,21,8,14,15,21,5,16,21,25,2,10,13,16,8,16,21,25,8,14,18,23,4,16,21,25,-,-,-,-,-,-,-,-,66,24,29,86,7,5,85,3,0.81,0.65,132,10,17,58,0.44,-,3
2007/2008,A1,Play_Off,Final,2,1,3179,26/4/2008,18:30,2918,21950,C,Scavolini Pesaro,Pesaro,3,1,8,16,21,25,5,13,17,22,8,16,21,25,7,8,11,11,8,17,20,22,7,16,21,25,7,15,19,25,8,16,21,22,-,-,-,-,-,-,-,-,74,33,48,96,3,4,73,3,0.66,0.44,139,13,7,54,0.39,-,16
2007/2008,A1,Play_Off,Final,2,1,3179,26/4/2008,18:30,2918,21950,O,Despar Perugia,Perugia,1,3,5,13,17,22,8,16,21,25,7,8,11,11,8,16,21,25,7,16,21,25,8,17,20,22,8,16,21,22,7,15,19,25,-,-,-,-,-,-,-,-,63,19,19,81,8,3,93,4,0.72,0.65,154,16,16,53,0.34,-,7
2007/2008,A1,Play_Off,Final,3,1,3180,28/4/2008,21:00,3259,26835,C,Despar Perugia,Perugia,2,3,5,10,14,18,8,16,21,25,8,14,21,25,7,16,19,19,8,16,21,25,5,13,14,17,7,13,17,17,8,16,21,25,3,7,8,12,5,10,12,15,74,28,40,97,1,2,92,1,0.85,0.63,172,13,17,63,0.37,2,9
2007/2008,A1,Play_Off,Final,3,1,3180,28/4/2008,21:00,3259,26835,O,Scavolini Pesaro,Pesaro,3,2,8,16,21,25,5,10,14,18,7,16,19,19,8,14,21,25,5,13,14,17,8,16,21,25,8,16,21,25,7,13,17,17,5,10,12,15,3,7,8,12,80,24,48,100,8,-,96,3,0.86,0.58,166,8,9,63,0.38,4,17
