Season,Division,Team,No,Player,Role,Born,Height,Born Place,Nat. Sport.,Note1,Note2
2008/2009,A1,Acqua Paradiso Gabeca Montichiari,1,SALA Andrea,Middleblocker,1978,202,VA,ITA,-,-
2008/2009,A1,Acqua Paradiso Gabeca Montichiari,2,RAUWERDINK Jeroen,Spiker,1985,199,NED,NED,-,-
2008/2009,A1,Acqua Paradiso Gabeca Montichiari,3,PESENTI Matteo,Spiker,1976,184,BG,ITA,-,-
2008/2009,A1,Acqua Paradiso Gabeca Montichiari,4,HORSTINK Robert,Spiker,1981,201,NED,NED,-,-
2008/2009,A1,Acqua Paradiso Gabeca Montichiari,5,TIBERTI Simone,Setter,1980,180,BS,ITA,-,-
2008/2009,A1,Acqua Paradiso Gabeca Montichiari,6,PAPARONI Alessandro,Spiker,1981,191,MC,ITA,-,-
2008/2009,A1,Acqua Paradiso Gabeca Montichiari,7,ESKO Mikko,Setter,1978,198,FIN,FIN,-,-
2008/2009,A1,Acqua Paradiso Gabeca Montichiari,8,FORNI Marcello,Middleblocker,1980,200,MO,ITA,-,-
2008/2009,A1,Acqua Paradiso Gabeca Montichiari,9,MOR Carlo,Middleblocker,1989,202,MI,ITA,-,-
2008/2009,A1,Acqua Paradiso Gabeca Montichiari,11,HOWARD Daniel Allan,Middleblocker,1976,209,AUS,AUS,-,-
2008/2009,A1,Acqua Paradiso Gabeca Montichiari,13,BELLEI Giacomo,Spiker,1988,202,VR,ITA,-,-
2008/2009,A1,Acqua Paradiso Gabeca Montichiari,15,GAVOTTO Mauro,Spiker,1979,202,CN,ITA,-,-
2008/2009,A1,Acqua Paradiso Gabeca Montichiari,17,ZITO Giuseppe,Libero,1989,188,EN,ITA,-,-
2008/2009,A1,Acqua Paradiso Gabeca Montichiari,18,MANIÀ Loris,Libero,1979,190,GO,ITA,-,-
2008/2009,A1,Antonveneta Padova,1,GARGHELLA Andrea,Libero,1982,192,PD,ITA,-,-
2008/2009,A1,Antonveneta Padova,2,DE TOGNI Giorgio,Middleblocker,1985,202,FE,ITA,-,-
2008/2009,A1,Antonveneta Padova,3,GOTTARDO Luca,Spiker,1989,194,PD,ITA,-,-
2008/2009,A1,Antonveneta Padova,6,MEGGIOLARO Erardo,Setter,1977,192,PD,ITA,-,-
2008/2009,A1,Antonveneta Padova,7,MANIERO Massimo,Spiker,1980,210,PD,ITA,-,-
2008/2009,A1,Antonveneta Padova,8,RAYMAEKERS Matias,Middleblocker,1982,207,BEL,BEL,-,-
2008/2009,A1,Antonveneta Padova,9,KRAL Jiri,Middleblocker,1981,200,CZE,CZE,-,-
2008/2009,A1,Antonveneta Padova,10,MATTERA Giordano,Setter,1983,200,RM,ITA,-,-
2008/2009,A1,Antonveneta Padova,12,GATO Ramon Moya,Spiker,1973,192,CUB,CUB,until 22/02/2009,-
2008/2009,A1,Antonveneta Padova,13,PERAZZOLO Lorenzo,Spiker,1984,198,MN,ITA,-,-
2008/2009,A1,Antonveneta Padova,14,KROMM Robert,Spiker,1984,211,GER,GER,-,-
2008/2009,A1,Antonveneta Padova,15,MARUOTTI Gabriele,Spiker,1988,196,RM,ITA,-,-
2008/2009,A1,Bre Banca Lannutti Cuneo,1,WIJSMANS Wout,Spiker,1977,201,BEL,BEL,-,-
2008/2009,A1,Bre Banca Lannutti Cuneo,2,ARIAUDO Andrea,Spiker,1987,195,CN,ITA,-,-
2008/2009,A1,Bre Banca Lannutti Cuneo,4,GONZALEZ Javier,Setter,1983,192,CUB,CUB,-,-
2008/2009,A1,Bre Banca Lannutti Cuneo,5,FORTUNATO Francesco,Middleblocker,1977,201,VI,ITA,-,-
2008/2009,A1,Bre Banca Lannutti Cuneo,6,VERGNAGHI Daniele,Libero,1972,193,MI,ITA,-,-
2008/2009,A1,Bre Banca Lannutti Cuneo,7,JERONCIC Gregor,Middleblocker,1974,201,SLO,ITA,-,-
2008/2009,A1,Bre Banca Lannutti Cuneo,8,NIKOLOV Vladimir,Spiker,1977,200,BUL,BUL,-,-
2008/2009,A1,Bre Banca Lannutti Cuneo,9,NUTI Marco,Setter,1970,188,PI,ITA,-,-
2008/2009,A1,Bre Banca Lannutti Cuneo,10,CURTI Valerio,Middleblocker,1978,203,MO,ITA,-,-
2008/2009,A1,Bre Banca Lannutti Cuneo,11,ABBADI Manius,Spiker,1976,202,BRA,BRA,-,-
2008/2009,A1,Bre Banca Lannutti Cuneo,12,BIRIBANTI Francesco,Spiker,1976,198,TR,ITA,-,-
2008/2009,A1,Bre Banca Lannutti Cuneo,15,PIERI Francesco,Libero,1982,185,PO,ITA,-,-
2008/2009,A1,Bre Banca Lannutti Cuneo,16,PLATENIK Peter,Spiker,1981,196,SVK,CZE,-,-
2008/2009,A1,Copra Nordmeccanica Piacenza,1,BOSCHI Federico,Setter,1987,188,PR,ITA,from 24/11/2008,-
2008/2009,A1,Copra Nordmeccanica Piacenza,1,FALASCA Guillermo,Spiker,1977,200,ARG,ESP,-,-
2008/2009,A1,Copra Nordmeccanica Piacenza,2,RAK Michal,Middleblocker,1979,205,CZE,CZE,-,-
2008/2009,A1,Copra Nordmeccanica Piacenza,3,PAMPEL Christian,Spiker,1979,195,GER,GER,from 14/12/2008,-
2008/2009,A1,Copra Nordmeccanica Piacenza,5,INSALATA Vito,Middleblocker,1977,194,BA,ITA,-,-
2008/2009,A1,Copra Nordmeccanica Piacenza,6,MEONI Marco,Setter,1973,196,PD,ITA,-,-
2008/2009,A1,Copra Nordmeccanica Piacenza,7,MARSHALL Leonel,Spiker,1979,196,CUB,CUB,-,-
2008/2009,A1,Copra Nordmeccanica Piacenza,8,GRASSANO Michele,Spiker,1986,196,FG,ITA,-,-
2008/2009,A1,Copra Nordmeccanica Piacenza,9,BONINFANTE Dante,Setter,1977,188,SA,ITA,-,-
2008/2009,A1,Copra Nordmeccanica Piacenza,10,ZINGARO Marco,Libero,1982,188,TV,ITA,-,-
2008/2009,A1,Copra Nordmeccanica Piacenza,11,ZLATANOV Hristo,Spiker,1976,201,BUL,ITA,-,-
2008/2009,A1,Copra Nordmeccanica Piacenza,12,DURANTE Gianluca,Libero,1976,195,LE,ITA,-,-
2008/2009,A1,Copra Nordmeccanica Piacenza,13,BRAVO Joao Paolo,Spiker,1979,197,BRA,BRA,-,-
2008/2009,A1,Copra Nordmeccanica Piacenza,16,DUNNES Christian,Spiker,1984,209,GER,GER,-,-
2008/2009,A1,Copra Nordmeccanica Piacenza,18,BJELICA Novica,Middleblocker,1983,202,CRO,SRB,-,-
2008/2009,A1,Framasil Pineto,1,DE OLIVEIRA Cleber,Spiker,1978,200,BRA,BRA,-,-
2008/2009,A1,Framasil Pineto,2,HIETANEN Matti,Spiker,1983,199,FIN,FIN,-,-
2008/2009,A1,Framasil Pineto,3,FANTIN Rafael Luiz Dentinho,Spiker,1978,193,BRA,BRA,-,-
2008/2009,A1,Framasil Pineto,4,VICINI Marco,Libero,1974,193,AN,ITA,-,-
2008/2009,A1,Framasil Pineto,5,SBORGIA Emanuele,Middleblocker,1981,198,PE,ITA,-,-
2008/2009,A1,Framasil Pineto,6,JAGO Eerik,Spiker,1980,196,EST,EST,-,-
2008/2009,A1,Framasil Pineto,7,LAMPARIELLO Davidson,Libero,1980,198,BRA,ITA,-,-
2008/2009,A1,Framasil Pineto,8,MANCINI Marco,Spiker,1975,190,AQ,ITA,-,-
2008/2009,A1,Framasil Pineto,9,DE GENNARO LEME Rodrigo,Setter,1980,183,BRA,BRA,-,-
2008/2009,A1,Framasil Pineto,10,RODRIGO PINTO Rivaldo,Spiker,1980,202,BRA,BRA,-,-
2008/2009,A1,Framasil Pineto,11,BUTI Simone,Middleblocker,1983,208,FI,ITA,-,-
2008/2009,A1,Framasil Pineto,12,FABRONI Marco,Setter,1981,190,VA,ITA,-,-
2008/2009,A1,Framasil Pineto,13,RAVELLINO Manuele,Middleblocker,1974,201,NA,ITA,-,-
2008/2009,A1,Framasil Pineto,14,VIGILANTE Cristian,Spiker,1983,200,AN,ITA,from 22/10/2008,proveniente da Volley Corigliano
2008/2009,A1,Itas Diatec Trentino,1,KAZIYSKI Matey,Spiker,1984,203,BUL,BUL,-,-
2008/2009,A1,Itas Diatec Trentino,2,SEGNALINI Andrea,Libero,1988,185,RM,ITA,-,-
2008/2009,A1,Itas Diatec Trentino,3,BIRARELLI Emanuele,Middleblocker,1981,202,AN,ITA,-,-
2008/2009,A1,Itas Diatec Trentino,6,ZYGADLO Lukasz,Setter,1979,201,POL,POL,-,-
2008/2009,A1,Itas Diatec Trentino,7,DELLA LUNGA Dore,Spiker,1984,194,AN,ITA,-,-
2008/2009,A1,Itas Diatec Trentino,8,VISSOTTO NEVES Leandro,Spiker,1983,212,BRA,BRA,-,-
2008/2009,A1,Itas Diatec Trentino,9,GRBIC Nikola,Setter,1973,195,SRB,SRB,-,-
2008/2009,A1,Itas Diatec Trentino,10,DE PAOLA Antonio,Spiker,1988,192,LT,ITA,-,-
2008/2009,A1,Itas Diatec Trentino,12,LEONARDI Nicola,Middleblocker,1988,202,TN,ITA,-,-
2008/2009,A1,Itas Diatec Trentino,13,WINIARSKI Michal,Spiker,1983,200,POL,POL,-,-
2008/2009,A1,Itas Diatec Trentino,15,GARCIA PIRES RIBEIRO Riad,Middleblocker,1981,204,BRA,BRA,-,-
2008/2009,A1,Itas Diatec Trentino,16,BARI Andrea,Libero,1980,185,AN,ITA,-,-
2008/2009,A1,Itas Diatec Trentino,17,STEFANOV Kramisir,Spiker,1977,202,BUL,BUL,-,-
2008/2009,A1,Itas Diatec Trentino,18,PISCOPO Cosimo Marco,Middleblocker,1983,205,LE,ITA,-,-
2008/2009,A1,Lube Banca Marche Macerata,1,LEBL Martin,Middleblocker,1980,201,CZE,CZE,-,-
2008/2009,A1,Lube Banca Marche Macerata,3,GIOVI Andrea,Libero,1983,185,PG,ITA,-,-
2008/2009,A1,Lube Banca Marche Macerata,5,VERMIGLIO Valerio,Setter,1976,189,ME,ITA,-,-
2008/2009,A1,Lube Banca Marche Macerata,6,BARTOLETTI Andrea,Spiker,1978,201,AN,ITA,-,-
2008/2009,A1,Lube Banca Marche Macerata,7,SNIPPE Jan Willem,Spiker,1986,200,NED,NED,-,-
2008/2009,A1,Lube Banca Marche Macerata,9,SARACENI Gianluca,Spiker,1979,200,RM,ITA,-,-
2008/2009,A1,Lube Banca Marche Macerata,10,MARTINO Matteo,Spiker,1987,198,AL,ITA,-,-
2008/2009,A1,Lube Banca Marche Macerata,11,MONOPOLI Natale,Setter,1975,183,VE,ITA,-,-
2008/2009,A1,Lube Banca Marche Macerata,13,CORSANO Mirko,Libero,1973,191,LE,ITA,-,-
2008/2009,A1,Lube Banca Marche Macerata,14,"SANTANA Rodrigo ""Rodrigao""",Middleblocker,1979,205,BRA,BRA,-,-
2008/2009,A1,Lube Banca Marche Macerata,15,OMRCEN Igor,Spiker,1980,208,CRO,CRO,-,-
2008/2009,A1,Lube Banca Marche Macerata,16,SWIDERSKI Sebastian,Spiker,1977,196,POL,POL,-,-
2008/2009,A1,Lube Banca Marche Macerata,18,PODRASCANIN Marko,Middleblocker,1987,203,SRB,SRB,-,-
2008/2009,A1,Marmi Lanza Verona,1,LATELLI Maurizio,Libero,1974,190,CZ,ITA,-,-
2008/2009,A1,Marmi Lanza Verona,3,PARODI Simone,Spiker,1986,195,IM,ITA,-,-
2008/2009,A1,Marmi Lanza Verona,4,POPP Marcus,Spiker,1981,191,GER,GER,-,-
2008/2009,A1,Marmi Lanza Verona,5,SOTTILE Daniele,Setter,1979,186,ME,ITA,-,-
2008/2009,A1,Marmi Lanza Verona,6,VOLPINI Martino,Spiker,1989,190,PI,ITA,-,-
2008/2009,A1,Marmi Lanza Verona,7,LASKO Michal,Spiker,1981,202,POL,ITA,-,-
2008/2009,A1,Marmi Lanza Verona,11,DEHNE Frank,Setter,1976,202,GER,GER,-,-
2008/2009,A1,Marmi Lanza Verona,12,SZABO Dàvid,Spiker,1990,202,HUN,HUN,-,-
2008/2009,A1,Marmi Lanza Verona,13,COLACI Massimo,Libero,1985,180,LE,ITA,from 16/10/2008,proveniente da Volley Corigliano
2008/2009,A1,Marmi Lanza Verona,14,MARIC Goran,Spiker,1981,204,SRB,SRB,-,-
2008/2009,A1,Marmi Lanza Verona,15,SEMENZATO Andrea,Middleblocker,1981,208,VE,ITA,-,-
2008/2009,A1,Marmi Lanza Verona,17,BONTJE Rob,Middleblocker,1981,206,NED,NED,-,-
2008/2009,A1,Marmi Lanza Verona,18,MOSTERTS Matteo,Middleblocker,1986,202,MI,ITA,-,-
2008/2009,A1,Rpa-Luigibacchi.It Perugia,1,KOVACEVIC Nikola,Spiker,1983,193,SRB,SRB,-,-
2008/2009,A1,Rpa-Luigibacchi.It Perugia,3,SAVANI Cristian,Spiker,1982,195,MN,ITA,-,-
2008/2009,A1,Rpa-Luigibacchi.It Perugia,7,NEMEC Martin,Spiker,1984,198,SVK,SVK,-,-
2008/2009,A1,Rpa-Luigibacchi.It Perugia,8,SERAFINI Simone,Setter,1975,184,RM,ITA,-,-
2008/2009,A1,Rpa-Luigibacchi.It Perugia,9,CRUZ DE CARVALHO Danilo,Middleblocker,1985,203,BRA,BRA,from 23/11/2008,-
2008/2009,A1,Rpa-Luigibacchi.It Perugia,10,SINTINI Giacomo,Setter,1979,196,RA,ITA,-,-
2008/2009,A1,Rpa-Luigibacchi.It Perugia,11,FELIZARDO Renato,Middleblocker,1978,200,BRA,BRA,-,-
2008/2009,A1,Rpa-Luigibacchi.It Perugia,12,PIPPI Damiano,Libero,1971,194,PG,ITA,-,-
2008/2009,A1,Rpa-Luigibacchi.It Perugia,13,VUJEVIC Goran,Spiker,1973,192,MNE,MNE,-,-
2008/2009,A1,Rpa-Luigibacchi.It Perugia,14,STOKR Jan,Spiker,1983,205,CZE,CZE,-,-
2008/2009,A1,Rpa-Luigibacchi.It Perugia,15,FANULI Fabio,Libero,1985,190,TA,ITA,-,-
2008/2009,A1,Rpa-Luigibacchi.It Perugia,16,BOVOLENTA Vigor,Middleblocker,1974,202,RO,ITA,-,-
2008/2009,A1,Rpa-Luigibacchi.It Perugia,17,BOTTI Massimo,Middleblocker,1973,196,PC,ITA,-,-
2008/2009,A1,Rpa-Luigibacchi.It Perugia,18,LIPPARINI Marco,Spiker,1987,190,PG,ITA,until 23/10/2008,trasferito a Gherardi Cartoedit Tratos Città Di Castello
2008/2009,A1,Sisley Treviso,1,BORTOLOZZO Matteo,Middleblocker,1989,199,PD,ITA,from 31/01/2009,-
2008/2009,A1,Sisley Treviso,2,DOLFO Ludovico,Spiker,1989,195,TV,ITA,from 28/11/2008,-
2008/2009,A1,Sisley Treviso,3,FEI Alessandro,Spiker,1978,204,VA,ITA,-,-
2008/2009,A1,Sisley Treviso,5,HUBNER Stefan,Middleblocker,1975,200,GER,GER,-,-
2008/2009,A1,Sisley Treviso,6,PAPI Samuele,Spiker,1973,191,AN,ITA,-,-
2008/2009,A1,Sisley Treviso,7,FARINA Alessandro,Libero,1976,182,PR,ITA,-,-
2008/2009,A1,Sisley Treviso,8,KOHUT Emanuel,Middleblocker,1982,205,SVK,SVK,-,-
2008/2009,A1,Sisley Treviso,10,SAITTA Davide,Setter,1987,188,CT,ITA,-,-
2008/2009,A1,Sisley Treviso,11,CAPRA Michele,Spiker,1985,198,TN,ITA,until 28/11/2008,-
2008/2009,A1,Sisley Treviso,12,ANTONOV Oleg,Spiker,1988,198,RUS,ITA,-,-
2008/2009,A1,Sisley Treviso,13,ENDRES Gustavo,Middleblocker,1975,203,BRA,BRA,-,-
2008/2009,A1,Sisley Treviso,14,SALMON Riley,Spiker,1976,197,USA,USA,from 04/03/2009,-
2008/2009,A1,Sisley Treviso,15,CISOLLA Alberto,Spiker,1977,197,TV,ITA,-,-
2008/2009,A1,Sisley Treviso,16,DALDELLO Matteo,Libero,1985,185,TV,ITA,-,-
2008/2009,A1,Sisley Treviso,17,GARCIA Ricardo,Setter,1975,186,BRA,BRA,-,-
2008/2009,A1,Sisley Treviso,18,GALLOTTA Cosimo,Spiker,1977,195,SA,ITA,-,-
2008/2009,A1,Stamplast Martina Franca,1,RICCIARDELLO Antonio,Libero,1986,188,ME,ITA,-,-
2008/2009,A1,Stamplast Martina Franca,2,COSCIONE Manuel,Setter,1980,188,CN,ITA,-,-
2008/2009,A1,Stamplast Martina Franca,3,MOLTÒ Jose Luis,Middleblocker,1975,206,ESP,ESP,-,-
2008/2009,A1,Stamplast Martina Franca,5,STANCU Sergiu,Middleblocker,1982,204,ROM,ROM,-,-
2008/2009,A1,Stamplast Martina Franca,6,CERNIC Matej,Spiker,1978,194,GO,ITA,-,-
2008/2009,A1,Stamplast Martina Franca,7,VULIN Sime,Middleblocker,1983,210,CRO,CRO,until 13/11/2008,-
2008/2009,A1,Stamplast Martina Franca,9,GUGLIELMI Francesco,Libero,1972,191,TA,ITA,-,-
2008/2009,A1,Stamplast Martina Franca,10,STOIJKOVIC Milos,Spiker,1987,200,SRB,SRB,-,-
2008/2009,A1,Stamplast Martina Franca,11,MASTRANGELO Luigi,Middleblocker,1975,202,TA,ITA,from 31/10/2008,-
2008/2009,A1,Stamplast Martina Franca,12,CORSINI Francesco,Middleblocker,1979,202,PG,ITA,from 03/12/2008,proveniente da Sp Catania
2008/2009,A1,Stamplast Martina Franca,13,SEQUEIRA Valdir,Spiker,1981,195,POR,POR,-,-
2008/2009,A1,Stamplast Martina Franca,14,QUARTARONE Davide,Setter,1986,196,RG,ITA,-,-
2008/2009,A1,Stamplast Martina Franca,15,FURTADO Bruno Augusto,Spiker,1978,196,BRA,BRA,from 10/02/2009,-
2008/2009,A1,Stamplast Martina Franca,16,GRANVORKA Frantz,Spiker,1976,195,FRA,FRA,until 27/01/2009,-
2008/2009,A1,Stamplast Martina Franca,18,RODRIGUEZ Israel,Spiker,1981,194,ESP,ESP,-,-
2008/2009,A1,Tonno Callipo Vibo Valentia,1,DITLEVSEN Mads Hatman,Spiker,1984,200,DEN,DEN,-,-
2008/2009,A1,Tonno Callipo Vibo Valentia,3,CONTRERAS Elvis,Spiker,1984,188,DOM,DOM,-,-
2008/2009,A1,Tonno Callipo Vibo Valentia,5,COZZI Paolo,Middleblocker,1980,200,MI,ITA,-,-
2008/2009,A1,Tonno Callipo Vibo Valentia,6,SAMMELVUO Tuomas,Spiker,1976,195,FIN,FIN,-,-
2008/2009,A1,Tonno Callipo Vibo Valentia,7,VIEIRA DE OLIVEIRA Raphael,Setter,1979,190,BRA,BRA,-,-
2008/2009,A1,Tonno Callipo Vibo Valentia,8,FERRARO Antonio,Libero,1973,197,CZ,ITA,-,-
2008/2009,A1,Tonno Callipo Vibo Valentia,10,DIAZ Luis Augusto,Spiker,1983,195,VEN,VEN,-,-
2008/2009,A1,Tonno Callipo Vibo Valentia,11,SIMEONOV Ventceslav,Spiker,1977,200,BUL,ITA,-,-
2008/2009,A1,Tonno Callipo Vibo Valentia,13,DIVIS Peter,Spiker,1978,200,SVK,SVK,-,-
2008/2009,A1,Tonno Callipo Vibo Valentia,14,BARONE Rocco,Middleblocker,1987,200,RC,ITA,-,-
2008/2009,A1,Tonno Callipo Vibo Valentia,15,SHUMOV Konstantin,Middleblocker,1985,205,RUS,FIN,-,-
2008/2009,A1,Tonno Callipo Vibo Valentia,16,BOZIDIS Theodoros,Setter,1973,196,GRE,GRE,-,-
2008/2009,A1,Tonno Callipo Vibo Valentia,18,CICOLA Fosco,Libero,1974,192,RM,ITA,-,-
2008/2009,A1,Trenkwalder Modena,1,LEE David,Middleblocker,1982,203,USA,USA,-,-
2008/2009,A1,Trenkwalder Modena,2,CIABATTINI Edoardo,Libero,1989,180,PI,ITA,-,-
2008/2009,A1,Trenkwalder Modena,3,TENCATI Luca,Middleblocker,1979,200,CR,ITA,-,-
2008/2009,A1,Trenkwalder Modena,5,KOOISTRA Wytze,Spiker,1982,209,NED,NED,-,-
2008/2009,A1,Trenkwalder Modena,6,RINALDI Pietro,Libero,1972,197,RM,ITA,-,-
2008/2009,A1,Trenkwalder Modena,7,DENNIS Angel,Spiker,1977,193,CUB,ITA,-,-
2008/2009,A1,Trenkwalder Modena,8,SARTORETTI Andrea,Spiker,1971,194,PG,ITA,-,-
2008/2009,A1,Trenkwalder Modena,9,SANTOS Sidnei Sidao,Middleblocker,1982,203,BRA,BRA,-,-
2008/2009,A1,Trenkwalder Modena,11,SMUC Tomislav,Setter,1976,188,SLO,SLO,-,-
2008/2009,A1,Trenkwalder Modena,12,TRAVICA Dragan,Setter,1986,200,CRO,ITA,-,-
2008/2009,A1,Trenkwalder Modena,14,SIEBECK Mark,Spiker,1975,196,GER,GER,-,-
2008/2009,A1,Trenkwalder Modena,15,ENDRES Murilo,Spiker,1981,195,BRA,BRA,-,-
2008/2009,A1,Trenkwalder Modena,16,PAGNI Filippo,Middleblocker,1984,201,PI,ITA,-,-
2008/2009,A1,Trenkwalder Modena,18,BARTOLI Alessandro,Spiker,1989,196,MO,ITA,-,-
2008/2009,A1,Trenkwalder Modena,18,CASOLI Cristian,Spiker,1975,192,VA,ITA,from 28/12/2008,-
2008/2009,A1,Yoga Forlì,1,HALDANE Jason,Middleblocker,1971,202,CAN,CAN,from 27/11/2008,-
2008/2009,A1,Yoga Forlì,1,RODRIGUES Leonardo,Spiker,1978,204,BRA,BRA,-,-
2008/2009,A1,Yoga Forlì,2,HENNO Hubert,Libero,1976,188,FRA,FRA,-,-
2008/2009,A1,Yoga Forlì,3,MOLTENI Marco,Spiker,1976,196,BS,ITA,-,-
2008/2009,A1,Yoga Forlì,4,BENDI Alfonso,Libero,1976,186,FC,ITA,-,-
2008/2009,A1,Yoga Forlì,5,BITTAR Fabiano Tuba,Spiker,1980,200,BRA,BRA,-,-
2008/2009,A1,Yoga Forlì,6,DOLFO Eugenio,Setter,1987,196,TV,ITA,from 21/12/2008,-
2008/2009,A1,Yoga Forlì,7,CARDONA Maikel Cristobal,Middleblocker,1976,202,CUB,ITA,-,-
2008/2009,A1,Yoga Forlì,8,REDWITZ Rafael,Setter,1980,190,BRA,BRA,-,-
2008/2009,A1,Yoga Forlì,9,DI FRANCO Massimiliano,Middleblocker,1978,203,CL,ITA,-,-
2008/2009,A1,Yoga Forlì,11,CASADEI Alberto,Spiker,1984,200,FC,ITA,-,-
2008/2009,A1,Yoga Forlì,12,LOGLISCI Marco,Middleblocker,1975,196,PR,ITA,-,-
2008/2009,A1,Yoga Forlì,14,BELLINI Davide,Setter,1969,197,MO,ITA,-,-
2008/2009,A1,Yoga Forlì,15,PATRIARCA Giuseppe,Spiker,1977,198,FR,ITA,-,-
2008/2009,A1,Yoga Forlì,18,BOZKO Luciano,Spiker,1978,199,BRA,POL,-,-
2008/2009,A2,Andreoli Latina,1,ZELIC Mario,Middleblocker,1981,203,BIH,CRO,-,-
2008/2009,A2,Andreoli Latina,3,TOMASSETTI Daniele,Middleblocker,1981,203,RM,ITA,-,-
2008/2009,A2,Andreoli Latina,4,TORRE Paolo,Setter,1976,201,LU,ITA,from 17/12/2008,-
2008/2009,A2,Andreoli Latina,6,CORTINA Danilo,Libero,1987,188,CT,ITA,-,-
2008/2009,A2,Andreoli Latina,7,SBROLLA Filippo,Setter,1987,190,AN,ITA,-,-
2008/2009,A2,Andreoli Latina,8,DE CECCO Matteo,Spiker,1969,194,UD,ITA,-,-
2008/2009,A2,Andreoli Latina,9,SCUDERI Lorenzo,Libero,1983,191,CN,ITA,-,-
2008/2009,A2,Andreoli Latina,10,ROSALBA Simone,Spiker,1976,197,CS,ITA,-,-
2008/2009,A2,Andreoli Latina,11,KOVACEVIC Toni,Spiker,1983,198,BIH,CRO,-,-
2008/2009,A2,Andreoli Latina,13,TOMASELLO Giacomo,Middleblocker,1976,197,CT,ITA,from 02/11/2008,proveniente da Volley Corigliano
2008/2009,A2,Andreoli Latina,15,DE CECCO Luciano,Setter,1988,194,ARG,ARG,-,-
2008/2009,A2,Andreoli Latina,16,MORETTI Daniele,Middleblocker,1980,197,MC,ITA,-,-
2008/2009,A2,Andreoli Latina,17,GIOMBINI Leondino,Spiker,1975,205,AN,ITA,-,-
2008/2009,A2,Andreoli Latina,18,DE MARCHI Francesco,Spiker,1986,193,PD,ITA,-,-
2008/2009,A2,Bassano Volley,1,HRAZDIRA Michal,Spiker,1985,195,CZE,CZE,-,-
2008/2009,A2,Bassano Volley,2,SAVIO Valerio,Spiker,1978,194,BL,ITA,from 30/10/2008,-
2008/2009,A2,Bassano Volley,4,GITTO Carmelo,Middleblocker,1987,204,ME,ITA,-,-
2008/2009,A2,Bassano Volley,5,PAGOTTO Matteo,Libero,1981,185,TV,ITA,-,-
2008/2009,A2,Bassano Volley,6,OGURCAK Frantisek,Spiker,1984,198,SVK,SVK,-,-
2008/2009,A2,Bassano Volley,7,PARUSSO Michele,Middleblocker,1987,197,CN,ITA,-,-
2008/2009,A2,Bassano Volley,8,GUARISE Eros,Middleblocker,1983,202,VI,ITA,-,-
2008/2009,A2,Bassano Volley,9,RONALDO ROYAL Henrique,Setter,1976,194,BRA,BRA,-,-
2008/2009,A2,Bassano Volley,10,BURBELLO Francesco,Spiker,1986,197,PD,ITA,until 30/10/2008,-
2008/2009,A2,Bassano Volley,11,TAMBURO Vincenzo,Spiker,1985,200,FI,ITA,-,-
2008/2009,A2,Bassano Volley,12,BONETTI Lorenzo,Setter,1988,197,BG,ITA,-,-
2008/2009,A2,Bassano Volley,13,PIANESE Mario,Spiker,1983,191,TN,ITA,-,-
2008/2009,A2,Bassano Volley,15,DAVID Zoltan,Spiker,1981,191,HUN,HUN,-,-
2008/2009,A2,Bassano Volley,17,VOLPATO Marco,Middleblocker,1990,195,VI,ITA,-,-
2008/2009,A2,Bassano Volley,18,LOLLATO Davide,Libero,1991,173,VI,ITA,-,-
2008/2009,A2,Canadiens Mantova,1,SPERINGO Stefano,Middleblocker,1979,195,MN,ITA,until 06/10/2008,-
2008/2009,A2,Canadiens Mantova,3,PAOLUCCI Adriano,Setter,1979,190,RM,ITA,-,-
2008/2009,A2,Canadiens Mantova,4,ZAPPATERRA Andrea,Libero,1979,182,FE,ITA,-,-
2008/2009,A2,Canadiens Mantova,5,MAZZONELLI Nicola,Setter,1969,193,VR,ITA,-,-
2008/2009,A2,Canadiens Mantova,6,RUIZ Ivan Benito,Spiker,1977,195,CUB,ITA,-,-
2008/2009,A2,Canadiens Mantova,7,FROSINI Andrea,Spiker,1976,198,FI,ITA,-,-
2008/2009,A2,Canadiens Mantova,8,NAGY Peter,Spiker,1984,194,HUN,HUN,-,-
2008/2009,A2,Canadiens Mantova,9,TOGNAZZONI Carlo Alberto,Spiker,1976,195,MN,ITA,-,-
2008/2009,A2,Canadiens Mantova,10,NEMEC Richard,Middleblocker,1972,202,SVK,SVK,-,-
2008/2009,A2,Canadiens Mantova,11,BARBARESCHI Giorgio,Spiker,1978,193,GE,ITA,-,-
2008/2009,A2,Canadiens Mantova,15,MODNICKI Dawid,Middleblocker,1975,202,POL,ITA,-,-
2008/2009,A2,Canadiens Mantova,16,DE MARCO Massimo,Spiker,1982,195,RM,ITA,-,-
2008/2009,A2,Canadiens Mantova,17,WALTER Norbert,Middleblocker,1979,210,GER,GER,-,-
2008/2009,A2,Codyeco S.Croce,1,PERFETTO Simone,Setter,1983,192,TO,ITA,-,-
2008/2009,A2,Codyeco S.Croce,3,LUKIANETZ Andrè Ricardo,Spiker,1982,192,BRA,BRA,-,-
2008/2009,A2,Codyeco S.Croce,5,CONCEPITO Livio,Spiker,1991,190,TO,ITA,-,-
2008/2009,A2,Codyeco S.Croce,6,CIAPPI Alessandro,Spiker,1982,199,PI,ITA,-,-
2008/2009,A2,Codyeco S.Croce,7,DE PAULA Ricardo,Spiker,1979,195,BRA,BRA,-,-
2008/2009,A2,Codyeco S.Croce,8,DE PANDIS Daniele,Libero,1984,184,LE,ITA,-,-
2008/2009,A2,Codyeco S.Croce,9,MATTIOLI Francesco,Spiker,1975,194,FI,ITA,-,-
2008/2009,A2,Codyeco S.Croce,10,TOSI Federico,Libero,1991,185,LU,ITA,-,-
2008/2009,A2,Codyeco S.Croce,11,SUBIELA Josè Javier,Middleblocker,1984,198,ESP,ESP,-,-
2008/2009,A2,Codyeco S.Croce,12,SUGLIA Vittorio,Spiker,1979,193,MT,ITA,-,-
2008/2009,A2,Codyeco S.Croce,13,ROCCHINI Lorenzo,Middleblocker,1985,200,FI,ITA,-,-
2008/2009,A2,Codyeco S.Croce,16,BALDACCINI Paolo Emilio,Middleblocker,1977,202,LU,ITA,-,-
2008/2009,A2,Codyeco S.Croce,18,FALASCHI Marco,Setter,1987,187,PI,ITA,-,-
2008/2009,A2,Edilesse Cavriago,1,LUPPI Oreste,Middleblocker,1983,195,RE,ITA,-,-
2008/2009,A2,Edilesse Cavriago,3,CAVALLINI Lorenzo,Middleblocker,1970,198,RE,ITA,-,-
2008/2009,A2,Edilesse Cavriago,4,RABEZZANA Edoardo,Setter,1975,192,AT,ITA,-,-
2008/2009,A2,Edilesse Cavriago,5,KRUMINS Davis,Setter,1990,195,LAT,ITA,-,-
2008/2009,A2,Edilesse Cavriago,7,PADURA DIAZ Williams,Spiker,1986,200,CUB,ITA,-,-
2008/2009,A2,Edilesse Cavriago,9,QUIROGA Rodrigo Daniel,Spiker,1987,191,ARG,ARG,-,-
2008/2009,A2,Edilesse Cavriago,10,PRANDI Massimiliano,Libero,1989,189,PD,ITA,-,-
2008/2009,A2,Edilesse Cavriago,12,FABBIANI Sandro,Spiker,1978,197,RE,ITA,-,-
2008/2009,A2,Edilesse Cavriago,13,BOSI Andrea,Spiker,1976,188,MO,ITA,-,-
2008/2009,A2,Edilesse Cavriago,15,KIRCHHEIN William,Spiker,1972,202,BRA,BRA,from 11/01/2009,-
2008/2009,A2,Edilesse Cavriago,16,CANZANELLA Mario,Spiker,1981,194,NA,ITA,-,-
2008/2009,A2,Edilesse Cavriago,17,BURGSTHALER Matteo,Middleblocker,1981,198,TN,ITA,-,-
2008/2009,A2,Edilesse Cavriago,18,BALDASSERONI Simone,Spiker,1977,198,RM,ITA,-,-
2008/2009,A2,Esse-ti Carilo Loreto,1,THIAGO DE OLIVEIRA Raphael,Spiker,1984,196,BRA,BRA,-,-
2008/2009,A2,Esse-ti Carilo Loreto,2,BERGAMO Alexandre Antonio,Spiker,1981,198,BRA,ITA,-,-
2008/2009,A2,Esse-ti Carilo Loreto,3,ORTOLANI Federico,Spiker,1986,183,AN,ITA,-,-
2008/2009,A2,Esse-ti Carilo Loreto,5,CRICCA Manuele,Middleblocker,1981,200,RA,ITA,-,-
2008/2009,A2,Esse-ti Carilo Loreto,6,CESARINI Andrea,Libero,1987,180,RM,ITA,-,-
2008/2009,A2,Esse-ti Carilo Loreto,8,KOSMINA Damir,Spiker,1984,203,GO,ITA,-,-
2008/2009,A2,Esse-ti Carilo Loreto,9,KOVAR Jiri,Spiker,1989,202,CZE,ITA,-,-
2008/2009,A2,Esse-ti Carilo Loreto,10,VISENTIN Marco,Setter,1982,196,TV,ITA,-,-
2008/2009,A2,Esse-ti Carilo Loreto,12,FERRARO Mario,Middleblocker,1987,198,PA,ITA,-,-
2008/2009,A2,Esse-ti Carilo Loreto,13,SALGADO Hiosvany,Middleblocker,1979,201,CUB,ITA,-,-
2008/2009,A2,Esse-ti Carilo Loreto,15,MARCHIANI Manuele,Setter,1989,185,AN,ITA,-,-
2008/2009,A2,Esse-ti Carilo Loreto,16,VEGA Mauro Nicolas,Spiker,1980,192,ARG,ITA,-,-
2008/2009,A2,Gherardi Cartoedit Tratos Città Di Castello,1,FRANCESCHINI Alessandro,Middleblocker,1983,197,AR,ITA,-,-
2008/2009,A2,Gherardi Cartoedit Tratos Città Di Castello,3,MARRA Davide,Libero,1984,180,CS,ITA,-,-
2008/2009,A2,Gherardi Cartoedit Tratos Città Di Castello,4,LIPPARINI Marco,Spiker,1987,194,PG,ITA,from 24/10/2008,proveniente da Rpa-Luigibacchi.It Perugia
2008/2009,A2,Gherardi Cartoedit Tratos Città Di Castello,5,SPANAKIS Alessandro,Setter,1978,192,RM,ITA,-,-
2008/2009,A2,Gherardi Cartoedit Tratos Città Di Castello,6,MARCONI Enrico,Libero,1984,178,PG,ITA,-,-
2008/2009,A2,Gherardi Cartoedit Tratos Città Di Castello,7,CUDA Juan Josè,Spiker,1987,200,ARG,ITA,-,-
2008/2009,A2,Gherardi Cartoedit Tratos Città Di Castello,8,MARINO Mario,Middleblocker,1987,197,LT,ITA,-,-
2008/2009,A2,Gherardi Cartoedit Tratos Città Di Castello,9,SABO Julius,Middleblocker,1983,208,SVK,SVK,-,-
2008/2009,A2,Gherardi Cartoedit Tratos Città Di Castello,10,PISTOVIC Branko,Spiker,1976,191,SVK,SVK,-,-
2008/2009,A2,Gherardi Cartoedit Tratos Città Di Castello,12,ZAMPETTI Enrico,Spiker,1980,197,AR,ITA,-,-
2008/2009,A2,Gherardi Cartoedit Tratos Città Di Castello,13,DI MANNO Enzo,Spiker,1982,199,USA,ITA,-,-
2008/2009,A2,Gherardi Cartoedit Tratos Città Di Castello,14,GUSTINELLI Valdemaro,Setter,1969,190,PG,ITA,-,-
2008/2009,A2,Gherardi Cartoedit Tratos Città Di Castello,15,CESTER Enrico,Middleblocker,1988,204,TV,ITA,-,-
2008/2009,A2,Gherardi Cartoedit Tratos Città Di Castello,18,PACI Riccardo,Spiker,1985,190,PG,ITA,-,-
2008/2009,A2,La Nef Castelfidardo,1,PAVAN Marco,Middleblocker,1982,202,BRA,ITA,-,-
2008/2009,A2,La Nef Castelfidardo,2,FORMENTINI Giorgio,Middleblocker,1981,195,FM,ITA,-,-
2008/2009,A2,La Nef Castelfidardo,3,PATERNIANI Daniele,Spiker,1983,190,AN,ITA,from 10/10/2008,-
2008/2009,A2,La Nef Castelfidardo,4,KOMEL Alan,Spiker,1982,192,SLO,SLO,-,-
2008/2009,A2,La Nef Castelfidardo,6,MORETTI Federico,Spiker,1983,204,FM,ITA,-,-
2008/2009,A2,La Nef Castelfidardo,7,GIULIANI Andrea,Setter,1984,188,AN,ITA,from 10/10/2008,-
2008/2009,A2,La Nef Castelfidardo,8,ROMITI Roberto,Libero,1983,183,FM,ITA,-,-
2008/2009,A2,La Nef Castelfidardo,9,CHIARINI Jacopo,Middleblocker,1981,195,AN,ITA,until 15/10/2008,-
2008/2009,A2,La Nef Castelfidardo,10,PIRRI Federico,Setter,1976,197,AN,ITA,-,-
2008/2009,A2,La Nef Castelfidardo,12,DE FRANCA Gilson Luiz,Middleblocker,1981,201,BRA,BRA,from 24/10/2008,-
2008/2009,A2,La Nef Castelfidardo,13,BELCECCHI Filippo,Spiker,1987,190,AN,ITA,-,-
2008/2009,A2,La Nef Castelfidardo,14,D'ANGELO Roberto,Spiker,1978,196,CE,ITA,-,-
2008/2009,A2,La Nef Castelfidardo,15,BIAGIOLA Walter,Spiker,1984,192,AN,ITA,-,-
2008/2009,A2,M. Roma Volley,1,SPESCHA Simone,Spiker,1979,200,RM,ITA,-,-
2008/2009,A2,M. Roma Volley,2,ZAYTSEV Ivan,Spiker,1988,202,PG,ITA,-,-
2008/2009,A2,M. Roma Volley,5,TOFOLI Paolo,Setter,1966,188,FM,ITA,-,-
2008/2009,A2,M. Roma Volley,6,GENNA Luca,Spiker,1989,194,RM,ITA,from 11/11/2008,-
2008/2009,A2,M. Roma Volley,6,LO RE Luca,Spiker,1976,200,BR,ITA,-,-
2008/2009,A2,M. Roma Volley,7,TABANELLI Matteo,Libero,1983,190,RA,ITA,-,-
2008/2009,A2,M. Roma Volley,8,SEGNALINI Matteo,Spiker,1989,190,RM,ITA,-,-
2008/2009,A2,M. Roma Volley,9,MORELLI Giulio,Setter,1990,198,AR,ITA,-,-
2008/2009,A2,M. Roma Volley,10,GIRETTO Giacomo,Middleblocker,1973,206,IM,ITA,-,-
2008/2009,A2,M. Roma Volley,11,ELIA Alberto,Middleblocker,1985,205,VT,ITA,-,-
2008/2009,A2,M. Roma Volley,12,SPAIRANI Riccardo,Middleblocker,1978,197,MI,ITA,-,-
2008/2009,A2,M. Roma Volley,13,CAMPANINI Federico,Middleblocker,1990,200,RM,ITA,-,-
2008/2009,A2,M. Roma Volley,14,ROSSI Lorenzo,Spiker,1990,195,RM,ITA,-,-
2008/2009,A2,M. Roma Volley,15,HERNANDEZ Osvaldo,Spiker,1970,198,CUB,ITA,from 06/03/2009,-
2008/2009,A2,M. Roma Volley,18,ORO Lucio Antonio,Spiker,1977,200,BRA,ITA,-,-
2008/2009,A2,Materdomini Volley.it Castellana Grotte,1,TRIMARCHI Alessandro,Libero,1972,185,CT,ITA,from 02/01/2009,-
2008/2009,A2,Materdomini Volley.it Castellana Grotte,1,MESSANA Dario,Libero,1979,188,CT,ITA,from 15/12/2008 02/01/2009,-
2008/2009,A2,Materdomini Volley.it Castellana Grotte,2,LOMURNO Antonio,Spiker,1992,193,BA,ITA,from 16/01/2009,-
2008/2009,A2,Materdomini Volley.it Castellana Grotte,3,SCHIFONE Salvatore,Spiker,1988,190,TA,ITA,-,-
2008/2009,A2,Materdomini Volley.it Castellana Grotte,4,RICCI PETITONI Mauro,Libero,1985,188,BO,ITA,until 18/12/2008,trasferito a Samgas Crema
2008/2009,A2,Materdomini Volley.it Castellana Grotte,5,CORVETTA Antonio,Setter,1977,188,AN,ITA,-,-
2008/2009,A2,Materdomini Volley.it Castellana Grotte,6,BARBONE Giuseppe,Middleblocker,1974,200,BA,ITA,-,-
2008/2009,A2,Materdomini Volley.it Castellana Grotte,7,BENEDETTO Bartolomeo,Libero,1987,170,BA,ITA,-,-
2008/2009,A2,Materdomini Volley.it Castellana Grotte,8,PEDA Janis,Spiker,1985,198,LAT,LAT,-,-
2008/2009,A2,Materdomini Volley.it Castellana Grotte,9,ROSSO Mattia,Spiker,1985,198,CN,ITA,-,-
2008/2009,A2,Materdomini Volley.it Castellana Grotte,10,QUARTI Giovanni,Spiker,1984,191,VE,ITA,-,-
2008/2009,A2,Materdomini Volley.it Castellana Grotte,11,CORTINA Eros,Spiker,1980,202,CT,ITA,until 11/12/2008,-
2008/2009,A2,Materdomini Volley.it Castellana Grotte,12,MORO Stefano,Spiker,1982,200,AL,ITA,from 23/10/2008,proveniente da Sp Catania
2008/2009,A2,Materdomini Volley.it Castellana Grotte,14,KMET Tomas,Middleblocker,1981,202,SVK,SVK,-,-
2008/2009,A2,Materdomini Volley.it Castellana Grotte,15,CREUS LARRY Sebastian,Middleblocker,1981,201,ARG,ARG,-,-
2008/2009,A2,Materdomini Volley.it Castellana Grotte,16,ZONNO Francois,Setter,1988,190,BR,ITA,-,-
2008/2009,A2,Materdomini Volley.it Castellana Grotte,17,ARGILAGOS Alexeis,Spiker,1975,199,CUB,CUB,-,-
2008/2009,A2,Nava Gioia Del Colle,2,DE ANDRADE SILVA Diogo,Spiker,1978,193,BRA,BRA,-,-
2008/2009,A2,Nava Gioia Del Colle,3,RIZZO Marco,Libero,1990,185,LE,ITA,-,-
2008/2009,A2,Nava Gioia Del Colle,4,CONCINA Leandro,Spiker,1984,196,ARG,ITA,from 17/12/2008,-
2008/2009,A2,Nava Gioia Del Colle,5,DE GIORGI Michele,Setter,1968,182,LE,ITA,-,-
2008/2009,A2,Nava Gioia Del Colle,6,DIAS Fabricio,Spiker,1979,196,BRA,BRA,-,-
2008/2009,A2,Nava Gioia Del Colle,7,MANASSERO Davide,Spiker,1979,197,CN,ITA,-,-
2008/2009,A2,Nava Gioia Del Colle,8,RIGONI Giacomo,Spiker,1979,198,MI,ITA,-,-
2008/2009,A2,Nava Gioia Del Colle,9,POLIDORI Giovanni,Middleblocker,1975,202,RI,ITA,-,-
2008/2009,A2,Nava Gioia Del Colle,12,NUZZO Gianluca,Spiker,1975,193,LE,ITA,-,-
2008/2009,A2,Nava Gioia Del Colle,13,BELARDI Fabio,Middleblocker,1978,203,TS,ITA,-,-
2008/2009,A2,Nava Gioia Del Colle,14,GIOSA Alessandro,Middleblocker,1977,198,TA,ITA,-,-
2008/2009,A2,Nava Gioia Del Colle,16,NIERO Alberto,Setter,1985,195,PD,ITA,-,-
2008/2009,A2,Nava Gioia Del Colle,17,GATTO Michele,Libero,1976,180,FR,ITA,-,-
2008/2009,A2,Olio Pignatelli Isernia,1,VALERA Rodman,Setter,1982,188,VEN,VEN,-,-
2008/2009,A2,Olio Pignatelli Isernia,3,VAN DER WEL Kristian,Spiker,1978,194,NED,NED,-,-
2008/2009,A2,Olio Pignatelli Isernia,4,BERTOLI Matteo,Spiker,1988,196,TN,ITA,-,-
2008/2009,A2,Olio Pignatelli Isernia,5,MAROLDA Mario,Spiker,1976,188,SA,ITA,until 23/10/2008,-
2008/2009,A2,Olio Pignatelli Isernia,6,KINDGARD Martin Alberto,Setter,1986,196,ARG,ITA,-,-
2008/2009,A2,Olio Pignatelli Isernia,7,PAGNI Marco,Middleblocker,1983,198,FI,ITA,-,-
2008/2009,A2,Olio Pignatelli Isernia,8,LIBRARO Enrico,Spiker,1983,191,NA,ITA,-,-
2008/2009,A2,Olio Pignatelli Isernia,9,GEMMI Lorenzo,Spiker,1985,199,MC,ITA,-,-
2008/2009,A2,Olio Pignatelli Isernia,10,SPAMPINATO Emanuele,Libero,1987,189,RC,ITA,-,-
2008/2009,A2,Olio Pignatelli Isernia,12,PERALTA Pablo Javier,Middleblocker,1979,205,ARG,ARG,-,-
2008/2009,A2,Olio Pignatelli Isernia,13,D'AVANZO Andrea,Middleblocker,1982,199,AV,ITA,-,-
2008/2009,A2,Olio Pignatelli Isernia,14,DARRAIDOU Santiago,Spiker,1980,190,ARG,ARG,from 03/01/2009,-
2008/2009,A2,Olio Pignatelli Isernia,15,MARI Stefano,Spiker,1975,194,MO,ITA,from 29/10/2008,-
2008/2009,A2,Olio Pignatelli Isernia,16,DE LUCA Francesco,Spiker,1986,206,LT,ITA,-,-
2008/2009,A2,Olio Pignatelli Isernia,18,DI GABRIELE Bruno,Libero,1992,191,LT,ITA,-,-
2008/2009,A2,Samgas Crema,1,CAZZANIGA Roberto,Spiker,1979,198,MI,ITA,-,-
2008/2009,A2,Samgas Crema,2,SGRÒ Filippo,Spiker,1987,196,MC,ITA,-,-
2008/2009,A2,Samgas Crema,3,RICCI PETITONI Mauro,Libero,1985,188,BO,ITA,from 20/12/2008,proveniente da Materdomini Volley.it Castellana Grotte
2008/2009,A2,Samgas Crema,4,ALLETTI Aimone,Middleblocker,1988,206,LO,ITA,-,-
2008/2009,A2,Samgas Crema,5,PATRIARCA Stefano,Middleblocker,1987,205,IS,ITA,-,-
2008/2009,A2,Samgas Crema,6,BATISTA Victor,Spiker,1979,198,DOM,DMA,from 14/11/2008,-
2008/2009,A2,Samgas Crema,7,JACOBSEN Axel,Setter,1984,194,ARG,DEN,-,-
2008/2009,A2,Samgas Crema,8,FINAZZI Danilo,Middleblocker,1976,201,BG,ITA,-,-
2008/2009,A2,Samgas Crema,9,BOTTO Iacopo,Spiker,1987,190,SP,ITA,-,-
2008/2009,A2,Samgas Crema,10,CAPROTTI Alberto,Libero,1968,186,MB,ITA,-,-
2008/2009,A2,Samgas Crema,12,SILVA Giulio,Spiker,1986,190,PR,ITA,-,-
2008/2009,A2,Samgas Crema,14,OREL Aljosa,Spiker,1982,190,SLO,ITA,-,-
2008/2009,A2,Samgas Crema,15,SERAFIM Ricardo,Spiker,1980,193,BRA,BRA,-,-
2008/2009,A2,Samgas Crema,16,BARANOWICZ Michele,Setter,1989,195,CN,ITA,-,-
2008/2009,A2,Samgas Crema,18,DAMARO Umberto,Spiker,1986,190,RM,ITA,from 21/12/2008,proveniente da Volley Corigliano
2008/2009,A2,Sp Catania,1,INSERRA Aurelio,Middleblocker,1982,200,GER,ITA,-,-
2008/2009,A2,Sp Catania,2,ZACCAREO Massimo,Middleblocker,1979,200,CT,ITA,-,-
2008/2009,A2,Sp Catania,3,SMERILLI Lorenzo,Libero,1987,178,MC,ITA,-,-
2008/2009,A2,Sp Catania,3,CUBITO Marco,Middleblocker,1992,202,ME,ITA,from 28/12/2008,-
2008/2009,A2,Sp Catania,4,MACCARONE Daniele,Spiker,1980,192,CT,ITA,-,-
2008/2009,A2,Sp Catania,5,STOYANOV Vasil,Spiker,1979,198,BUL,BUL,until 18/10/2008,-
2008/2009,A2,Sp Catania,6,GAROFALO Riccardo,Setter,1986,188,PA,ITA,-,-
2008/2009,A2,Sp Catania,7,CONTE Facundo,Spiker,1989,193,ARG,ARG,-,-
2008/2009,A2,Sp Catania,8,BUREMI Giulio,Libero,1990,191,CT,ITA,-,-
2008/2009,A2,Sp Catania,10,ORDUNA Santiago,Setter,1983,183,ARG,ARG,-,-
2008/2009,A2,Sp Catania,11,LOPIS Maurizio,Spiker,1974,195,CT,ITA,-,-
2008/2009,A2,Sp Catania,12,MORO Stefano,Spiker,1982,200,AL,ITA,until 22/10/2008,trasferito a Materdomini Volley.it Castellana Grotte
2008/2009,A2,Sp Catania,13,CORSINI Francesco,Middleblocker,1979,202,PG,ITA,until 17/11/2008,trasferito a Stamplast Martina Franca
2008/2009,A2,Sp Catania,14,DI MARCO Andrea,Middleblocker,1982,203,PG,ITA,from 28/10/2008,proveniente da Volley Corigliano
2008/2009,A2,Sp Catania,15,ZANETTE MUGNAINI Mauricio,Spiker,1983,195,BRA,BRA,until 02/04/2009,-
2008/2009,A2,Sp Catania,16,MATHEUS Josè,Spiker,1976,193,VEN,VEN,from 29/01/2009,-
2008/2009,A2,Wayel Bologna,1,EMILIANI Enrico,Spiker,1983,195,FC,ITA,-,-
2008/2009,A2,Wayel Bologna,3,CAMPAGNARO Nicola,Middleblocker,1983,202,VE,ITA,-,-
2008/2009,A2,Wayel Bologna,4,BJELICA Goran,Spiker,1985,204,SRB,SRB,from 28/12/2008,-
2008/2009,A2,Wayel Bologna,6,MARRETTA Federico,Spiker,1990,187,TP,ITA,-,-
2008/2009,A2,Wayel Bologna,7,BACCI Joel,Setter,1980,175,RM,ITA,-,-
2008/2009,A2,Wayel Bologna,8,JABLONSKY Jayson,Spiker,1985,198,USA,USA,-,-
2008/2009,A2,Wayel Bologna,9,MAGGIOLI Simone,Libero,1982,180,RN,ITA,-,-
2008/2009,A2,Wayel Bologna,10,GROMADOWSKI Marcel,Spiker,1985,202,POL,POL,-,-
2008/2009,A2,Wayel Bologna,11,BRAGA Roberto,Middleblocker,1984,204,PD,ITA,-,-
2008/2009,A2,Wayel Bologna,12,LUCCHI Cristiano,Spiker,1977,193,FC,ITA,-,-
2008/2009,A2,Wayel Bologna,14,PAOLI Alessandro,Middleblocker,1984,194,TN,ITA,-,-
2008/2009,A2,Wayel Bologna,15,GALLESI Matteo,Setter,1990,180,BO,ITA,-,-
2008/2009,A2,Wayel Bologna,18,PELI Enrico,Libero,1985,180,BO,ITA,-,-
